﻿"Общее число событий, обработанных в текущем периоде"
2025-04-01T00:00:00+03:00 - 2025-04-24T16:05:32+03:00
[СХ] Сз УРАЛ

metric,value
80379053,firewall
46107548,log
830259,
119189,Creating Scriptblock text
23224,core
7653,Выполняется
6894,Завершена успешно
4435,Ведение журнала и восстановление
4218,События сбоев приложения
3639,ddos_protection
1531,"Статус устройства ""Критический""."
1155,Установлена программа.
1103,Программа удалена.
1082,Выполняется (15%)
1055,Сбой
812,"Статус устройства ""Предупреждение""."
677,Завершена с предупреждением
506,Повреждение базы данных
393,FileCreate
386,Обработка события
316,ServiceConfigurationChange
295,Image loaded
178,nat
173,Remote Desktop Protocol brute force attempt
154,FileExecutableDetected
143,Process creation
135,Выполняется (2%)
122,FileBlockExecutable
120,ProcessAccess
112,Creating RunspacePool object
112,Started invocation of ScriptBlock
102,Аудит (подключение к Серверу администрирования)
102,admin_console
88,Runspace state changed
85,Process terminated
85,Opening RunspacePool
80,Средство сбора данных
54,The event logging service encountered an error while processing an incoming event published from %1
51,MALWAREPROTECTION_SCAN_COMPLETED
50,Creating Runspace object
41,Выполняется (45%)
38,WmiEvent (WmiEventConsumer activity detected)
36,FileDelete (File Delete archived)
25,Новое устройство добавлено.
24,Лицензионное ограничение превышено более чем на 10%.
24,Лицензионный ключ использован более чем на 90%.
23,Устройство удалено.
19,Sysmon service state changed
18,RegistryEvent (Key and Value Rename)
18,Error Message
16,Устройство неактивно.
13,Выполняется (1%)
11,R205_Обнаружен новый DNS сервер
11,WmiEvent (WmiEventFilter activity detected)
10,Общие
10,Исправность поставщика
10,Выполнение конвейера
9,Быстродействие
8,Event Service
8,Аудит (модификация объектов)
7,cURL and libcurl sanitize cookie path
7,PipeEvent (Pipe Connected)
5,CreateRemoteThread
4,Выполняется (50%)
4,Аудит (изменения в группах администрирования)
4,"Определение таблицы, столбца, индекса"
4,Ошибка времени выполнения.
4,Служба событий
4,PnP
4,PipeEvent (Pipe Created)
3,R077_02_KSC. Обнаружено вредоносное ПО
3,PowerShell console is starting up
3,Trust monitoring cycle completed
3,Служба поиска
3,Объект удален
3,Сервер
3,R077_Обнаружено вредоносное ПО
3,Обнаружен вредоносный объект
3,Резервное копирование
2,Выполняется (100%)
2,Выполняется (51%)
2,Обновление программных модулей успешно установлено.
2,Выполняется (66%)
2,Устройство стало неуправляемым.
2,Запущена установка обновления программных модулей.
2,События диагностики исчерпания ресурсов
1,"Обнаружено легальное приложение, которое может быть использовано злоумышленниками для нанесения вред"
1,Базы обновлены.
1,R081_02_KSC. Повторное заражение ВПО
1,Выполняется (16%)
1,Выполняется (25%)
1,Firing Agent
1,Network connection
1,Выполняется (38%)
1,Выполняется (11%)
1,Обнаружено новое устройство.
1,General Obfuscated JavaScript
1,CM
1,Запуск службы
1,Выполняется (75%)
1,Кэширование страниц базы данных
