﻿Последние 10 алертов
2025-04-01T00:00:00+03:00 - 2025-04-24T15:58:38+03:00
[ТД] Искра

priority,id,name,userName,status,correlationRuleName,severity,tenantID,tenantName,firstSeen
1,d5553ea5-e244-4843-a5d1-1206d360de25,R222_Сбор информации о сетевых папках,,New,R222_Сбор информации о сетевых папках,Low,2a663000-d01a-49a9-98b4-dd92d7f9f6cd,[ТД] Искра,2025-04-24T04:17:07+03:00
1,f9c72e41-8df9-4a15-8643-09754dce3854,R003_Удаленный вход под учетной записью локального администратора,,New,R003_Удаленный вход под учетной записью локального администратора,Low,2a663000-d01a-49a9-98b4-dd92d7f9f6cd,[ТД] Искра,2025-04-24T03:59:50+03:00
2,1465b2f0-44c5-4020-9262-e79462a912d5,R105_Подозрение на обфускацию кода с использованием спецсимволов,,New,R105_Подозрение на обфускацию кода с использованием спецсимволов,Medium,2a663000-d01a-49a9-98b4-dd92d7f9f6cd,[ТД] Искра,2025-04-23T23:41:23+03:00
1,4178ba9e-1d17-40a9-bdda-d7261aa9e119,R109_Использование известных зловредных фреймворков для эксплуатации уязвимостей,,New,R109_Использование известных зловредных фреймворков для эксплуатации уязвимостей,Low,2a663000-d01a-49a9-98b4-dd92d7f9f6cd,[ТД] Искра,2025-04-23T22:00:32+03:00
1,c4bbbc58-d6f4-4f30-bda8-37fc16321653,R035_Возможный подбор пароля методом перебора учетных записей,,New,R035_Возможный подбор пароля методом перебора учетных записей,Low,2a663000-d01a-49a9-98b4-dd92d7f9f6cd,[ТД] Искра,2025-04-23T15:19:20+03:00
1,1874cc31-dcd7-486f-b3ba-0d24c7a4d3f6,R229_Сбор информации о службах,,New,R229_Сбор информации о службах,Low,2a663000-d01a-49a9-98b4-dd92d7f9f6cd,[ТД] Искра,2025-04-23T10:30:04+03:00
2,c616323c-05e6-446e-8e3f-11515ef0c1ff,R110_Использование подозрительных опций в командах PowerShell,,New,R110_Использование подозрительных опций в командах PowerShell,Medium,2a663000-d01a-49a9-98b4-dd92d7f9f6cd,[ТД] Искра,2025-04-18T20:44:33+03:00
2,60f29a28-0309-4536-9d26-34918e63e026,R406_Получение учетных данных через GUI-запросы,,New,R406_Получение учетных данных через GUI-запросы,Medium,2a663000-d01a-49a9-98b4-dd92d7f9f6cd,[ТД] Искра,2025-04-18T20:44:23+03:00
1,231ec414-9256-4fea-b5de-01a7939e0f94,R224_Сбор информации о системе,,New,R224_Сбор информации о системе,Low,2a663000-d01a-49a9-98b4-dd92d7f9f6cd,[ТД] Искра,2025-04-08T08:46:28+03:00
1,5c3bf4c1-09e6-482f-b923-b302c827515f,R099_Манипуляции с задачами по расписанию,,New,R099_Манипуляции с задачами по расписанию,Low,2a663000-d01a-49a9-98b4-dd92d7f9f6cd,[ТД] Искра,2025-04-05T11:07:03+03:00
