﻿Затронутые активы
2025-04-01T00:00:00+03:00 - 2025-04-24T16:03:33+03:00
[ТМ] НЛЭМЗ

frequency,tenantID,tenantName,id,displayName,criticality
3,8b92fecd-e99e-4ed9-939b-47e37b3266c3,[ТМ] НЛЭМЗ,1e680651-bc90-43d0-8172-d3e61662454b,EMZ-FO-10,1
2,8b92fecd-e99e-4ed9-939b-47e37b3266c3,[ТМ] НЛЭМЗ,2a49fa53-42d7-4c3c-8133-5f472d4ba742,DESKTOP-OI4F7DD,1
2,8b92fecd-e99e-4ed9-939b-47e37b3266c3,[ТМ] НЛЭМЗ,38b4d7c6-e7cd-4095-8f00-d26087d151f3,EMZ-ADM,1
2,8b92fecd-e99e-4ed9-939b-47e37b3266c3,[ТМ] НЛЭМЗ,2df5f477-5018-4375-8c39-332ad83fbd27,EMZ-CAD-11,1
2,8b92fecd-e99e-4ed9-939b-47e37b3266c3,[ТМ] НЛЭМЗ,9c6fa6b6-bd7e-4834-9228-6dcdb4862a7d,EMZ-OIITP-01,1
2,8b92fecd-e99e-4ed9-939b-47e37b3266c3,[ТМ] НЛЭМЗ,64b877a9-e0e1-4b3a-b640-6b1d27f6e6eb,EMZ-TB-03,1
2,8b92fecd-e99e-4ed9-939b-47e37b3266c3,[ТМ] НЛЭМЗ,9c0efbf6-1b62-42a6-bb69-cc5d2020aff3,EMZ-UOTIPB-10,1
2,8b92fecd-e99e-4ed9-939b-47e37b3266c3,[ТМ] НЛЭМЗ,ea1f64ce-68e4-48ad-a87f-c4fb685c589c,EMZ-ZGB,1
1,8b92fecd-e99e-4ed9-939b-47e37b3266c3,[ТМ] НЛЭМЗ,cc8446f4-f9a8-4a2d-9083-06cebc468005,DESKTOP-ETBPO2H,1
1,8b92fecd-e99e-4ed9-939b-47e37b3266c3,[ТМ] НЛЭМЗ,84ac8f16-1a54-4b47-8c22-5e1ddd91e00d,DESKTOP-TLTKJG4,1
1,8b92fecd-e99e-4ed9-939b-47e37b3266c3,[ТМ] НЛЭМЗ,ae546bc2-d052-44e6-b18b-602d2412049a,DESKTOP-UU48GGT,1
1,8b92fecd-e99e-4ed9-939b-47e37b3266c3,[ТМ] НЛЭМЗ,69f7f98e-30e7-41df-ac6a-9b1d770ff877,EMZ-BUH-08,1
1,8b92fecd-e99e-4ed9-939b-47e37b3266c3,[ТМ] НЛЭМЗ,ec8091e0-826e-44d2-8094-7b5e7d86ee90,EMZ-CAD-07,1
1,8b92fecd-e99e-4ed9-939b-47e37b3266c3,[ТМ] НЛЭМЗ,fa996dae-62f3-4fb2-b5ed-531e79ef5e7c,EMZ-OGM-21,1
1,8b92fecd-e99e-4ed9-939b-47e37b3266c3,[ТМ] НЛЭМЗ,d207ced7-9e2d-4027-8839-67597c9c1bd5,EMZ-OIITP-02,1
1,8b92fecd-e99e-4ed9-939b-47e37b3266c3,[ТМ] НЛЭМЗ,979a0a98-4ff7-4e95-88c6-e7d6f1f8345f,EMZ-OIT-04,1
1,8b92fecd-e99e-4ed9-939b-47e37b3266c3,[ТМ] НЛЭМЗ,334af257-626a-42fd-ad08-eb294e45e586,EMZ-OOTIZ-G1,1
1,8b92fecd-e99e-4ed9-939b-47e37b3266c3,[ТМ] НЛЭМЗ,1b17e9e2-f8a2-4a59-8c55-304ec0847649,EMZ-ORPS-G1,1
1,8b92fecd-e99e-4ed9-939b-47e37b3266c3,[ТМ] НЛЭМЗ,e79a1404-1d8a-4cbe-9df2-35b24ed356d1,EMZ-OSIS-G1,1
1,8b92fecd-e99e-4ed9-939b-47e37b3266c3,[ТМ] НЛЭМЗ,a07fe347-89fd-45a9-8934-c47b024a8c19,EMZ-OTIZ-03,1
1,8b92fecd-e99e-4ed9-939b-47e37b3266c3,[ТМ] НЛЭМЗ,ac2d9850-f6a3-4000-abcb-f12c2b7a4bf8,EMZ-OZIP-21,1
1,8b92fecd-e99e-4ed9-939b-47e37b3266c3,[ТМ] НЛЭМЗ,dd5cd3bf-79e1-4b18-9b03-3dc3f5e82c91,EMZ-OZIP-25,1
1,8b92fecd-e99e-4ed9-939b-47e37b3266c3,[ТМ] НЛЭМЗ,7d41ef7b-a286-4b91-8552-68929898833a,EMZ-PEO-G1,1
1,8b92fecd-e99e-4ed9-939b-47e37b3266c3,[ТМ] НЛЭМЗ,bfece7c7-012a-4e8a-b975-f0ae4c35f18d,EMZ-RPS-G1~~7015,1
1,8b92fecd-e99e-4ed9-939b-47e37b3266c3,[ТМ] НЛЭМЗ,1345e478-e7bd-4309-b307-921bfec44dd8,EMZ-RPS-G3,1
1,8b92fecd-e99e-4ed9-939b-47e37b3266c3,[ТМ] НЛЭМЗ,53f03bda-1cdc-49e6-9498-e5999c731e4e,EMZ-TECH-05,1
1,8b92fecd-e99e-4ed9-939b-47e37b3266c3,[ТМ] НЛЭМЗ,3591d2f0-411a-49ad-84cb-f0b54d0c57db,EMZ-UO-04,1
1,8b92fecd-e99e-4ed9-939b-47e37b3266c3,[ТМ] НЛЭМЗ,eb7386cc-bfa4-4901-8e73-8e268bd08294,EMZ-UOTIPB-11,1
1,8b92fecd-e99e-4ed9-939b-47e37b3266c3,[ТМ] НЛЭМЗ,89ecd566-a2ae-4cec-917d-b0c967a7fa17,EMZ-UZIP-13,1
1,8b92fecd-e99e-4ed9-939b-47e37b3266c3,[ТМ] НЛЭМЗ,b914fb21-64c1-4af5-9a9e-87186e5eefb4,EMZ-UZIP-15,1
