﻿Последние 10 алертов
2025-04-01T00:00:00+03:00 - 2025-04-24T16:03:33+03:00
[ТМ] НЛЭМЗ

severity,status,userName,id,priority,tenantID,correlationRuleName,tenantName,name,firstSeen
Medium,New,,38737746-8c73-436e-8747-47b799b15576,2,8b92fecd-e99e-4ed9-939b-47e37b3266c3,R077_Обнаружено вредоносное ПО,[ТМ] НЛЭМЗ,R077_Обнаружено вредоносное ПО,2025-04-23T17:06:56+03:00
Medium,New,,65b5b1b8-f570-4d02-a764-fe267c34208e,2,8b92fecd-e99e-4ed9-939b-47e37b3266c3,R105_Подозрение на обфускацию кода с использованием спецсимволов,[ТМ] НЛЭМЗ,R105_Подозрение на обфускацию кода с использованием спецсимволов,2025-04-18T16:47:54+03:00
Medium,New,,7f7bb5eb-64b1-4ebb-a044-9439435ba847,2,8b92fecd-e99e-4ed9-939b-47e37b3266c3,R406_Получение учетных данных через GUI-запросы,[ТМ] НЛЭМЗ,R406_Получение учетных данных через GUI-запросы,2025-04-05T08:23:50+03:00
Low,New,,7043eadb-bd62-41f5-80ef-ba123348d13a,1,8b92fecd-e99e-4ed9-939b-47e37b3266c3,R222_Сбор информации о сетевых папках,[ТМ] НЛЭМЗ,R222_Сбор информации о сетевых папках,2025-04-04T16:23:32+03:00
