﻿Затронутые активы
2025-04-01T00:00:00+03:00 - 2025-04-24T15:58:17+03:00
[ТД] Полет

frequency,tenantID,tenantName,id,displayName,criticality
3,79b70d38-ca99-4525-95c6-31e888cbf02f,[ТД] Полет,da8cb46d-b579-40b4-9f9c-c4e0aef7e6b2,1CTERM,1
2,79b70d38-ca99-4525-95c6-31e888cbf02f,[ТД] Полет,7491ccff-6599-4686-a182-17790cdbbd56,DBU6,1
2,79b70d38-ca99-4525-95c6-31e888cbf02f,[ТД] Полет,c751e724-2d64-4aa4-8988-41ff74aaee7d,PDM_SRV,1
2,79b70d38-ca99-4525-95c6-31e888cbf02f,[ТД] Полет,893812b5-8299-4d74-ba31-f74d2806bf3c,POLETDC2,1
1,79b70d38-ca99-4525-95c6-31e888cbf02f,[ТД] Полет,214e40db-dc40-4652-a4f0-ef1c05d5d70d,1CBD,1
1,79b70d38-ca99-4525-95c6-31e888cbf02f,[ТД] Полет,dedb8408-fbbf-4cd3-b26d-f8b3b5655ed2,CEX335,1
1,79b70d38-ca99-4525-95c6-31e888cbf02f,[ТД] Полет,b3aaf6ec-3b43-4d2a-b13f-d63c498b9591,DBU2,1
1,79b70d38-ca99-4525-95c6-31e888cbf02f,[ТД] Полет,8fedd758-4e6b-43b6-8e6f-81462288a3f3,DBU5,1
1,79b70d38-ca99-4525-95c6-31e888cbf02f,[ТД] Полет,5a7b6d31-1e20-40a2-9793-2f798c932ae8,IT11,1
