﻿Последние 10 алертов
2025-04-01T00:00:00+03:00 - 2025-04-24T15:58:17+03:00
[ТД] Полет

severity,id,status,userName,tenantID,firstSeen,name,tenantName,priority,correlationRuleName
High,14c7bad0-a695-4698-be6d-c4bad9b6a762,New,,79b70d38-ca99-4525-95c6-31e888cbf02f,2025-04-24T15:20:25+03:00,R089_Обнаружены возможные следы действий программ-вымогателей,[ТД] Полет,3,R089_Обнаружены возможные следы действий программ-вымогателей
Medium,1c8e5e32-72eb-4e74-a395-0a5f1d81511b,New,,79b70d38-ca99-4525-95c6-31e888cbf02f,2025-04-24T15:16:25+03:00,R219_Использование VPN портов,[ТД] Полет,2,R219_Использование VPN портов
Medium,60748815-ea5c-4db9-a115-8310b515822d,In progress,Диана Холод,79b70d38-ca99-4525-95c6-31e888cbf02f,2025-04-22T16:20:12+03:00,R219_Использование VPN портов,[ТД] Полет,2,R219_Использование VPN портов
Low,1b43fade-a796-48e1-b5e2-cb44cdc08673,New,,79b70d38-ca99-4525-95c6-31e888cbf02f,2025-04-03T17:40:18+03:00,R061_Действия над учетной записью,[ТД] Полет,1,R061_Действия над учетной записью
Low,a2eeb9e4-f47f-4651-8f93-e11087aa0e6c,New,,79b70d38-ca99-4525-95c6-31e888cbf02f,2025-04-02T13:01:51+03:00,R058_Локальная учетная запись была создана подозрительным пользователем,[ТД] Полет,1,R058_Локальная учетная запись была создана подозрительным пользователем
Low,e63d7e66-027f-4330-99c3-5e05eb8f4c53,In incident,Александра Зейферт,79b70d38-ca99-4525-95c6-31e888cbf02f,2025-04-01T17:08:44+03:00,R224_Сбор информации о системе,[ТД] Полет,1,R224_Сбор информации о системе
