﻿Последние 10 алертов
2025-04-01T00:00:00+03:00 - 2025-04-24T15:53:43+03:00
[ТД] СТАРТ Яскина

name,status,priority,firstSeen,userName,id,tenantName,tenantID,severity,correlationRuleName
R224_Сбор информации о системе,New,1,2025-04-08T05:38:58+03:00,,6aa4e61c-9525-4dba-9b75-1119285b6d40,[ТД] СТАРТ Яскина,6e7b6a90-f882-4fe8-8cae-08f04b90bff9,Low,R224_Сбор информации о системе
R063_Добавление учетной записи в группу доменных или локальных администраторов,In progress,3,2025-04-02T13:20:39+03:00,Александра Зейферт,780b5281-0a64-49fd-8432-1de8547d59d2,[ТД] СТАРТ Яскина,6e7b6a90-f882-4fe8-8cae-08f04b90bff9,High,R063_Добавление учетной записи в группу доменных или локальных администраторов
