﻿Последние 10 алертов
2025-04-01T00:00:00+03:00 - 2025-04-24T15:53:51+03:00
[ТД] Универсал Привалова

status,priority,severity,id,tenantID,firstSeen,correlationRuleName,userName,name,tenantName
New,3,High,75828229-3c80-4252-80b2-c693feb867a5,b5f1f6b4-9a66-4409-aa57-7745201ed167,2025-04-07T12:28:10+03:00,R294_Обфускация команд PowerShell,,R294_Обфускация команд PowerShell,[ТД] Универсал Привалова
New,2,Medium,5177f79c-05f5-4f61-bb10-33a33b04f215,b5f1f6b4-9a66-4409-aa57-7745201ed167,2025-04-01T08:58:50+03:00,R105_Подозрение на обфускацию кода с использованием спецсимволов,,R105_Подозрение на обфускацию кода с использованием спецсимволов,[ТД] Универсал Привалова
