﻿Активы в инцидентах
2025-04-01T00:00:00+03:00 - 2025-04-24T15:50:38+03:00
[ТД] КУЛЗ

id,tenantID,tenantName,name,weight,count
4002157b-bb04-4641-870e-1562b0b374f4,5d4c2480-cf9a-4da9-8a41-6636d70f4ee0,[ТД] КУЛЗ,OTD14-1100220,1,1
29de2ef2-0b87-4e96-b8a4-c6bc90ec9230,5d4c2480-cf9a-4da9-8a41-6636d70f4ee0,[ТД] КУЛЗ,OTD14-1501213,1,1
908010b1-f7c6-4161-9070-45e9380e3bd7,5d4c2480-cf9a-4da9-8a41-6636d70f4ee0,[ТД] КУЛЗ,OTD4-1310220,1,1
c6b2cf85-482a-422a-a154-b8f1cb9c24cf,5d4c2480-cf9a-4da9-8a41-6636d70f4ee0,[ТД] КУЛЗ,OTD35-431016,1,1
c1221c25-93a1-4bf2-9a1a-56bb034792f2,5d4c2480-cf9a-4da9-8a41-6636d70f4ee0,[ТД] КУЛЗ,OTD4-911119,1,1
a11d268b-08da-482b-ae54-20f9fa9104f5,5d4c2480-cf9a-4da9-8a41-6636d70f4ee0,[ТД] КУЛЗ,OTD14-141018,1,1
888a5cea-8af1-4e38-9f86-ca5b8a8f34bf,5d4c2480-cf9a-4da9-8a41-6636d70f4ee0,[ТД] КУЛЗ,OTD6-1171211,1,1
a262c971-f078-45e6-874b-afbd1684bc23,5d4c2480-cf9a-4da9-8a41-6636d70f4ee0,[ТД] КУЛЗ,OTD4-1270220,1,1
40fad6d3-c641-4fc2-ad83-46b31ff5310c,5d4c2480-cf9a-4da9-8a41-6636d70f4ee0,[ТД] КУЛЗ,OTD14-821119,1,1
540e34ed-500c-4212-b1a0-715c14bf65c7,5d4c2480-cf9a-4da9-8a41-6636d70f4ee0,[ТД] КУЛЗ,OTD5-1590220,1,1
7d6dff48-69b8-4b9b-8bd1-e07baf3118e8,5d4c2480-cf9a-4da9-8a41-6636d70f4ee0,[ТД] КУЛЗ,OTD89-1520220,1,1
f22c5e1f-13be-4bb2-9c72-25fe4710f4b0,5d4c2480-cf9a-4da9-8a41-6636d70f4ee0,[ТД] КУЛЗ,OTD5-800220,1,1
7a3b61c6-fba9-430f-8db7-ded426136c4c,5d4c2480-cf9a-4da9-8a41-6636d70f4ee0,[ТД] КУЛЗ,OTD1-1430220,1,1
6669e9c3-36c7-4f82-9c94-06cafd3db6cb,5d4c2480-cf9a-4da9-8a41-6636d70f4ee0,[ТД] КУЛЗ,OTD22-880220,1,1
a9d92b98-74cd-400d-a390-f206b08b97da,5d4c2480-cf9a-4da9-8a41-6636d70f4ee0,[ТД] КУЛЗ,OTD5-780220,1,1
2df053f5-6e12-41e4-9790-78f004a58183,5d4c2480-cf9a-4da9-8a41-6636d70f4ee0,[ТД] КУЛЗ,OTD20-1560220,1,1
2f67e5fb-299e-4b86-a28a-6b8a1e1433b0,5d4c2480-cf9a-4da9-8a41-6636d70f4ee0,[ТД] КУЛЗ,OTD3-100319,1,1
db39f30a-6b31-4361-87e2-dfbc4fee4485,5d4c2480-cf9a-4da9-8a41-6636d70f4ee0,[ТД] КУЛЗ,OTD4-1290220,1,1
9ce1cf60-8c95-4a4e-a2e1-a111c60091bb,5d4c2480-cf9a-4da9-8a41-6636d70f4ee0,[ТД] КУЛЗ,OTD18-1530220,1,1
cc06f852-ba61-4709-bae7-b7eaca9c42af,5d4c2480-cf9a-4da9-8a41-6636d70f4ee0,[ТД] КУЛЗ,OTD08-1510220,1,1
5041a7ec-ee96-41c5-9dae-acbc55d26b81,5d4c2480-cf9a-4da9-8a41-6636d70f4ee0,[ТД] КУЛЗ,CEH41-1420220,1,1
0f737f92-d990-45e3-826c-6b47c5054ab4,5d4c2480-cf9a-4da9-8a41-6636d70f4ee0,[ТД] КУЛЗ,OTD4-1370220,1,1
3f5427ac-3470-48df-8178-915a5af20c18,5d4c2480-cf9a-4da9-8a41-6636d70f4ee0,[ТД] КУЛЗ,OTD4-1360220,1,1
199959c4-b71a-47ea-a13f-0deb099ce8f7,5d4c2480-cf9a-4da9-8a41-6636d70f4ee0,[ТД] КУЛЗ,OTD3-1390220,1,1
6fa8ccbc-273c-4f5f-b19f-8e2040cf9cd3,5d4c2480-cf9a-4da9-8a41-6636d70f4ee0,[ТД] КУЛЗ,OTD26-891015,1,1
59fdf475-30e1-40da-be84-c537e5895bec,5d4c2480-cf9a-4da9-8a41-6636d70f4ee0,[ТД] КУЛЗ,OTD4-1280220,1,1
4310e7dd-9b4c-4cb0-ae04-9e3daa44ba2a,5d4c2480-cf9a-4da9-8a41-6636d70f4ee0,[ТД] КУЛЗ,CEH66-921119,1,1
4be44b89-0796-4046-9663-8c07ac6c74f2,5d4c2480-cf9a-4da9-8a41-6636d70f4ee0,[ТД] КУЛЗ,OTD4-1560220,1,1
a26ed2c4-0424-4c49-ba1a-2d3e10c638b5,5d4c2480-cf9a-4da9-8a41-6636d70f4ee0,[ТД] КУЛЗ,OTD11-1200220,1,1
6b0a6de9-5569-4bfe-ba55-3f9dee658181,5d4c2480-cf9a-4da9-8a41-6636d70f4ee0,[ТД] КУЛЗ,OTD12-030120,1,1
98717d51-dae3-4aba-8c2e-aa809f2ab468,5d4c2480-cf9a-4da9-8a41-6636d70f4ee0,[ТД] КУЛЗ,OTD14-500819,1,1
b311f195-1448-4959-9075-775bebb43b59,5d4c2480-cf9a-4da9-8a41-6636d70f4ee0,[ТД] КУЛЗ,OTD28-1170220,1,1
b62fe5bb-873b-40cb-8b54-f76eb04365b2,5d4c2480-cf9a-4da9-8a41-6636d70f4ee0,[ТД] КУЛЗ,OTD28-1140220,1,1
da220d5b-23c7-4a49-934f-f7dfc36a8b15,5d4c2480-cf9a-4da9-8a41-6636d70f4ee0,[ТД] КУЛЗ,OTD30-640220,1,1
72e4ff68-c6ae-4af6-bfb1-cb6ad081ef6e,5d4c2480-cf9a-4da9-8a41-6636d70f4ee0,[ТД] КУЛЗ,OTD14-791119,1,1
6979f7a1-e8b2-465e-8f99-3a56e1b16c9a,5d4c2480-cf9a-4da9-8a41-6636d70f4ee0,[ТД] КУЛЗ,OTD5-750220,1,1
8605a61b-b8b5-47af-99f5-255f3788a77e,5d4c2480-cf9a-4da9-8a41-6636d70f4ee0,[ТД] КУЛЗ,OTD11-901119,1,1
196cd3d9-bb48-48e6-8eee-d8183251da59,5d4c2480-cf9a-4da9-8a41-6636d70f4ee0,[ТД] КУЛЗ,OTD5-760220,1,1
cb488a29-57b9-453c-a2a1-b55d76d90b73,5d4c2480-cf9a-4da9-8a41-6636d70f4ee0,[ТД] КУЛЗ,OTD22-480212,1,1
