﻿Затронутые активы
2025-04-01T00:00:00+03:00 - 2025-04-24T15:50:38+03:00
[ТД] КУЛЗ

criticality,frequency,tenantID,tenantName,id,displayName
1,9,5d4c2480-cf9a-4da9-8a41-6636d70f4ee0,[ТД] КУЛЗ,c1221c25-93a1-4bf2-9a1a-56bb034792f2,OTD4-911119
1,5,5d4c2480-cf9a-4da9-8a41-6636d70f4ee0,[ТД] КУЛЗ,7d6dff48-69b8-4b9b-8bd1-e07baf3118e8,OTD89-1520220
1,4,5d4c2480-cf9a-4da9-8a41-6636d70f4ee0,[ТД] КУЛЗ,8605a61b-b8b5-47af-99f5-255f3788a77e,OTD11-901119
1,4,5d4c2480-cf9a-4da9-8a41-6636d70f4ee0,[ТД] КУЛЗ,6669e9c3-36c7-4f82-9c94-06cafd3db6cb,OTD22-880220
1,2,5d4c2480-cf9a-4da9-8a41-6636d70f4ee0,[ТД] КУЛЗ,c4942e3f-6337-414b-9be6-1f51811f07f5,CEH66-1150220
1,2,5d4c2480-cf9a-4da9-8a41-6636d70f4ee0,[ТД] КУЛЗ,2a79bbe1-9e7a-4ea4-883d-7bc0b0403516,DIRECTOR
1,2,5d4c2480-cf9a-4da9-8a41-6636d70f4ee0,[ТД] КУЛЗ,0047ff23-0650-43b7-90ec-d2decbac978b,KESCENTR10
1,2,5d4c2480-cf9a-4da9-8a41-6636d70f4ee0,[ТД] КУЛЗ,98717d51-dae3-4aba-8c2e-aa809f2ab468,OTD14-500819
1,2,5d4c2480-cf9a-4da9-8a41-6636d70f4ee0,[ТД] КУЛЗ,b7936174-6898-42de-b577-6d8ab6cdcbdd,OTD15-870512
1,2,5d4c2480-cf9a-4da9-8a41-6636d70f4ee0,[ТД] КУЛЗ,fd5657b7-5169-477d-9598-2444b2204a2d,OTD16-070623
1,2,5d4c2480-cf9a-4da9-8a41-6636d70f4ee0,[ТД] КУЛЗ,28b5203e-9575-41dd-9340-f68ffe381c6b,OTD16-1160220
1,2,5d4c2480-cf9a-4da9-8a41-6636d70f4ee0,[ТД] КУЛЗ,c9e2c181-cdfd-4f4a-9114-174916ff3b55,OTD18-5275
1,2,5d4c2480-cf9a-4da9-8a41-6636d70f4ee0,[ТД] КУЛЗ,2df053f5-6e12-41e4-9790-78f004a58183,OTD20-1560220
1,2,5d4c2480-cf9a-4da9-8a41-6636d70f4ee0,[ТД] КУЛЗ,cb488a29-57b9-453c-a2a1-b55d76d90b73,OTD22-480212
1,2,5d4c2480-cf9a-4da9-8a41-6636d70f4ee0,[ТД] КУЛЗ,6fa8ccbc-273c-4f5f-b19f-8e2040cf9cd3,OTD26-891015
1,2,5d4c2480-cf9a-4da9-8a41-6636d70f4ee0,[ТД] КУЛЗ,da220d5b-23c7-4a49-934f-f7dfc36a8b15,OTD30-640220
1,2,5d4c2480-cf9a-4da9-8a41-6636d70f4ee0,[ТД] КУЛЗ,c6b2cf85-482a-422a-a154-b8f1cb9c24cf,OTD35-431016
1,2,5d4c2480-cf9a-4da9-8a41-6636d70f4ee0,[ТД] КУЛЗ,e3c6d40d-851f-4d63-91e1-c74478d226cd,OTD53-11024
1,1,5d4c2480-cf9a-4da9-8a41-6636d70f4ee0,[ТД] КУЛЗ,b79dee25-0868-49e8-9fd2-04bd30b4146e,CEH38-941119
1,1,5d4c2480-cf9a-4da9-8a41-6636d70f4ee0,[ТД] КУЛЗ,5041a7ec-ee96-41c5-9dae-acbc55d26b81,CEH41-1420220
1,1,5d4c2480-cf9a-4da9-8a41-6636d70f4ee0,[ТД] КУЛЗ,eb9421c0-4e07-4ff2-99cb-123378df4b42,CEH41-1481213
1,1,5d4c2480-cf9a-4da9-8a41-6636d70f4ee0,[ТД] КУЛЗ,59c1b286-8b3e-46d2-8a8b-b7815b781a12,CEH66-220120
1,1,5d4c2480-cf9a-4da9-8a41-6636d70f4ee0,[ТД] КУЛЗ,4310e7dd-9b4c-4cb0-ae04-9e3daa44ba2a,CEH66-921119
1,1,5d4c2480-cf9a-4da9-8a41-6636d70f4ee0,[ТД] КУЛЗ,cc06f852-ba61-4709-bae7-b7eaca9c42af,OTD08-1510220
1,1,5d4c2480-cf9a-4da9-8a41-6636d70f4ee0,[ТД] КУЛЗ,7a3b61c6-fba9-430f-8db7-ded426136c4c,OTD1-1430220
1,1,5d4c2480-cf9a-4da9-8a41-6636d70f4ee0,[ТД] КУЛЗ,a26ed2c4-0424-4c49-ba1a-2d3e10c638b5,OTD11-1200220
1,1,5d4c2480-cf9a-4da9-8a41-6636d70f4ee0,[ТД] КУЛЗ,6b0a6de9-5569-4bfe-ba55-3f9dee658181,OTD12-030120
1,1,5d4c2480-cf9a-4da9-8a41-6636d70f4ee0,[ТД] КУЛЗ,06bce609-6018-4135-b481-4c5e00880fe8,OTD13-NOTE
1,1,5d4c2480-cf9a-4da9-8a41-6636d70f4ee0,[ТД] КУЛЗ,4002157b-bb04-4641-870e-1562b0b374f4,OTD14-1100220
1,1,5d4c2480-cf9a-4da9-8a41-6636d70f4ee0,[ТД] КУЛЗ,a11d268b-08da-482b-ae54-20f9fa9104f5,OTD14-141018
1,1,5d4c2480-cf9a-4da9-8a41-6636d70f4ee0,[ТД] КУЛЗ,29de2ef2-0b87-4e96-b8a4-c6bc90ec9230,OTD14-1501213
1,1,5d4c2480-cf9a-4da9-8a41-6636d70f4ee0,[ТД] КУЛЗ,72e4ff68-c6ae-4af6-bfb1-cb6ad081ef6e,OTD14-791119
1,1,5d4c2480-cf9a-4da9-8a41-6636d70f4ee0,[ТД] КУЛЗ,40fad6d3-c641-4fc2-ad83-46b31ff5310c,OTD14-821119
1,1,5d4c2480-cf9a-4da9-8a41-6636d70f4ee0,[ТД] КУЛЗ,5a03cd2a-75a9-4cf3-8d66-7a341385c77a,OTD14-961119
1,1,5d4c2480-cf9a-4da9-8a41-6636d70f4ee0,[ТД] КУЛЗ,e7be21ff-c19f-4e70-9930-c8fd7a4061b2,OTD16-030623
1,1,5d4c2480-cf9a-4da9-8a41-6636d70f4ee0,[ТД] КУЛЗ,8248d855-7100-4d31-9c93-5e298b3843a5,OTD16-220224
1,1,5d4c2480-cf9a-4da9-8a41-6636d70f4ee0,[ТД] КУЛЗ,40b112f8-9b0b-4d8d-a9f1-48e4637c168c,OTD16-230313
1,1,5d4c2480-cf9a-4da9-8a41-6636d70f4ee0,[ТД] КУЛЗ,8961396f-f001-4965-b6f0-c26b3936e032,OTD16-300120
1,1,5d4c2480-cf9a-4da9-8a41-6636d70f4ee0,[ТД] КУЛЗ,675e1367-8da0-4c21-9cbd-bab7c6b010c3,OTD16-41224
1,1,5d4c2480-cf9a-4da9-8a41-6636d70f4ee0,[ТД] КУЛЗ,f8bb3ff9-3bb4-4b71-84ca-0630fa915486,OTD17-220724
1,1,5d4c2480-cf9a-4da9-8a41-6636d70f4ee0,[ТД] КУЛЗ,9ce1cf60-8c95-4a4e-a2e1-a111c60091bb,OTD18-1530220
1,1,5d4c2480-cf9a-4da9-8a41-6636d70f4ee0,[ТД] КУЛЗ,95e1c70f-e2ac-439d-9ada-36327178d514,OTD18-20424
1,1,5d4c2480-cf9a-4da9-8a41-6636d70f4ee0,[ТД] КУЛЗ,7301f3b0-8331-49eb-b2fa-736c7c9ef55d,OTD18-480915
1,1,5d4c2480-cf9a-4da9-8a41-6636d70f4ee0,[ТД] КУЛЗ,50e21cd8-fe5f-4f55-8caf-a535abcf1b16,OTD20-170616~~449495
1,1,5d4c2480-cf9a-4da9-8a41-6636d70f4ee0,[ТД] КУЛЗ,c81bd024-12f4-4fd9-b68b-5a072b40185d,OTD20-1751112
1,1,5d4c2480-cf9a-4da9-8a41-6636d70f4ee0,[ТД] КУЛЗ,acf32716-3f59-4fa3-95a1-3d01ffee7fcb,OTD21-280120
1,1,5d4c2480-cf9a-4da9-8a41-6636d70f4ee0,[ТД] КУЛЗ,03e461a1-e70e-4e3b-9362-e8cc85b4e1b8,OTD23-1070220
1,1,5d4c2480-cf9a-4da9-8a41-6636d70f4ee0,[ТД] КУЛЗ,894bd01d-4e8c-4b3c-befa-6be671aa91c3,OTD23-1451219
1,1,5d4c2480-cf9a-4da9-8a41-6636d70f4ee0,[ТД] КУЛЗ,1b41d01c-dc32-4af1-ab5a-d4abd3cb65f7,OTD28-040623
1,1,5d4c2480-cf9a-4da9-8a41-6636d70f4ee0,[ТД] КУЛЗ,b62fe5bb-873b-40cb-8b54-f76eb04365b2,OTD28-1140220
1,1,5d4c2480-cf9a-4da9-8a41-6636d70f4ee0,[ТД] КУЛЗ,b311f195-1448-4959-9075-775bebb43b59,OTD28-1170220
1,1,5d4c2480-cf9a-4da9-8a41-6636d70f4ee0,[ТД] КУЛЗ,2608f2cf-b914-4ae4-b5a6-95fc267d0825,OTD28-6105
1,1,5d4c2480-cf9a-4da9-8a41-6636d70f4ee0,[ТД] КУЛЗ,2f67e5fb-299e-4b86-a28a-6b8a1e1433b0,OTD3-100319
1,1,5d4c2480-cf9a-4da9-8a41-6636d70f4ee0,[ТД] КУЛЗ,199959c4-b71a-47ea-a13f-0deb099ce8f7,OTD3-1390220
1,1,5d4c2480-cf9a-4da9-8a41-6636d70f4ee0,[ТД] КУЛЗ,2acc0983-6e37-4ea9-b5ad-59ed4ce4e97e,OTD3-400212
1,1,5d4c2480-cf9a-4da9-8a41-6636d70f4ee0,[ТД] КУЛЗ,a262c971-f078-45e6-874b-afbd1684bc23,OTD4-1270220
1,1,5d4c2480-cf9a-4da9-8a41-6636d70f4ee0,[ТД] КУЛЗ,59fdf475-30e1-40da-be84-c537e5895bec,OTD4-1280220
1,1,5d4c2480-cf9a-4da9-8a41-6636d70f4ee0,[ТД] КУЛЗ,db39f30a-6b31-4361-87e2-dfbc4fee4485,OTD4-1290220
1,1,5d4c2480-cf9a-4da9-8a41-6636d70f4ee0,[ТД] КУЛЗ,9a777531-8b0c-4cac-bab1-0efa08b2cc7d,OTD4-1300220
1,1,5d4c2480-cf9a-4da9-8a41-6636d70f4ee0,[ТД] КУЛЗ,908010b1-f7c6-4161-9070-45e9380e3bd7,OTD4-1310220
1,1,5d4c2480-cf9a-4da9-8a41-6636d70f4ee0,[ТД] КУЛЗ,8289789c-5cc4-477a-a3a7-8993ff7df61c,OTD4-1340220
1,1,5d4c2480-cf9a-4da9-8a41-6636d70f4ee0,[ТД] КУЛЗ,59184cf7-ad01-46fe-9690-f1132650dd3a,OTD4-1350220
1,1,5d4c2480-cf9a-4da9-8a41-6636d70f4ee0,[ТД] КУЛЗ,3f5427ac-3470-48df-8178-915a5af20c18,OTD4-1360220
1,1,5d4c2480-cf9a-4da9-8a41-6636d70f4ee0,[ТД] КУЛЗ,0f737f92-d990-45e3-826c-6b47c5054ab4,OTD4-1370220
1,1,5d4c2480-cf9a-4da9-8a41-6636d70f4ee0,[ТД] КУЛЗ,4be44b89-0796-4046-9663-8c07ac6c74f2,OTD4-1560220
1,1,5d4c2480-cf9a-4da9-8a41-6636d70f4ee0,[ТД] КУЛЗ,540e34ed-500c-4212-b1a0-715c14bf65c7,OTD5-1590220
1,1,5d4c2480-cf9a-4da9-8a41-6636d70f4ee0,[ТД] КУЛЗ,6979f7a1-e8b2-465e-8f99-3a56e1b16c9a,OTD5-750220
1,1,5d4c2480-cf9a-4da9-8a41-6636d70f4ee0,[ТД] КУЛЗ,196cd3d9-bb48-48e6-8eee-d8183251da59,OTD5-760220
1,1,5d4c2480-cf9a-4da9-8a41-6636d70f4ee0,[ТД] КУЛЗ,8b14da35-de78-4622-88d1-029334010140,OTD5-770220
1,1,5d4c2480-cf9a-4da9-8a41-6636d70f4ee0,[ТД] КУЛЗ,a9d92b98-74cd-400d-a390-f206b08b97da,OTD5-780220
1,1,5d4c2480-cf9a-4da9-8a41-6636d70f4ee0,[ТД] КУЛЗ,f22c5e1f-13be-4bb2-9c72-25fe4710f4b0,OTD5-800220
1,1,5d4c2480-cf9a-4da9-8a41-6636d70f4ee0,[ТД] КУЛЗ,db78ca38-f043-4bc8-a39a-11c9d0a0dab9,OTD5-801119
1,1,5d4c2480-cf9a-4da9-8a41-6636d70f4ee0,[ТД] КУЛЗ,bf2a2e05-9e60-4dc7-8d16-63d399118b3a,OTD51-20824
1,1,5d4c2480-cf9a-4da9-8a41-6636d70f4ee0,[ТД] КУЛЗ,888a5cea-8af1-4e38-9f86-ca5b8a8f34bf,OTD6-1171211
1,1,5d4c2480-cf9a-4da9-8a41-6636d70f4ee0,[ТД] КУЛЗ,b79a10fd-4a81-427d-bbee-b9909f75ac0a,OTD6-1511213
1,1,5d4c2480-cf9a-4da9-8a41-6636d70f4ee0,[ТД] КУЛЗ,ab10af68-93a0-44d7-a0c9-7043ab843ee5,OTD6-771119
1,1,5d4c2480-cf9a-4da9-8a41-6636d70f4ee0,[ТД] КУЛЗ,3cc7957e-6f23-4cd3-b087-2aaba6a4fb0e,SERVERERPSQL
