﻿Последние 10 алертов
2025-04-01T00:00:00+03:00 - 2025-04-24T15:50:38+03:00
[ТД] КУЛЗ

correlationRuleName,userName,tenantName,severity,name,tenantID,status,priority,firstSeen,id
R077_Обнаружено вредоносное ПО,,[ТД] КУЛЗ,Medium,R077_Обнаружено вредоносное ПО,5d4c2480-cf9a-4da9-8a41-6636d70f4ee0,New,2,2025-04-22T13:41:22+03:00,29e230f1-b8d6-4536-8dc1-a737c6c18ca7
R062_Действия над группой из командной строки,Кирилл Бобров,[ТД] КУЛЗ,Low,R062_Действия над группой из командной строки,5d4c2480-cf9a-4da9-8a41-6636d70f4ee0,In incident,1,2025-04-21T11:53:21+03:00,6a466f5b-db2b-4116-9431-be4aff781ac8
R223_Сбор информации о процессах,Кирилл Бобров,[ТД] КУЛЗ,Low,R223_Сбор информации о процессах,5d4c2480-cf9a-4da9-8a41-6636d70f4ee0,In incident,1,2025-04-21T11:38:46+03:00,2c4f77d7-e855-4da0-a0f2-48e1fa4c99eb
R221_Сбор информации о группах,Кирилл Бобров,[ТД] КУЛЗ,Low,R221_Сбор информации о группах,5d4c2480-cf9a-4da9-8a41-6636d70f4ee0,In incident,1,2025-04-21T05:16:48+03:00,2c6b3153-85ab-4bb4-ab8a-c2d3c97c8b15
R220_Сбор информации об учетных записях,Кирилл Бобров,[ТД] КУЛЗ,Low,R220_Сбор информации об учетных записях,5d4c2480-cf9a-4da9-8a41-6636d70f4ee0,In incident,1,2025-04-19T07:41:30+03:00,8afa1d1b-f1b2-40ed-82f5-f0f99d3bd4a8
R109_Использование известных зловредных фреймворков для эксплуатации уязвимостей,,[ТД] КУЛЗ,Low,R109_Использование известных зловредных фреймворков для эксплуатации уязвимостей,5d4c2480-cf9a-4da9-8a41-6636d70f4ee0,New,1,2025-04-18T19:32:40+03:00,7a8cf9a3-89b1-4f59-8477-cc40cd3fe17d
R295_Манипуляции с системой непривилегированным процессом,Кирилл Бобров,[ТД] КУЛЗ,High,R295_Манипуляции с системой непривилегированным процессом,5d4c2480-cf9a-4da9-8a41-6636d70f4ee0,In incident,3,2025-04-18T15:20:27+03:00,ef171b65-32df-425d-985b-f26e61762b07
R062_Действия над группой из командной строки,Кирилл Бобров,[ТД] КУЛЗ,Low,R062_Действия над группой из командной строки,5d4c2480-cf9a-4da9-8a41-6636d70f4ee0,In incident,1,2025-04-18T15:10:27+03:00,c1cbe6ab-4303-45a7-abad-5272dfb2bd87
R062_Действия над группой из командной строки,Кирилл Бобров,[ТД] КУЛЗ,Low,R062_Действия над группой из командной строки,5d4c2480-cf9a-4da9-8a41-6636d70f4ee0,In progress,1,2025-04-18T14:55:57+03:00,d18b9220-9a01-405f-9fb7-54c228f66081
R110_Использование подозрительных опций в командах PowerShell,,[ТД] КУЛЗ,Medium,R110_Использование подозрительных опций в командах PowerShell,5d4c2480-cf9a-4da9-8a41-6636d70f4ee0,New,2,2025-04-18T14:42:34+03:00,116a3a58-36ee-4e53-af34-29431b212d36
