﻿Распределение алертов по правилам корреляции
2025-04-01T00:00:00+03:00 - 2025-04-24T15:50:38+03:00
[ТД] КУЛЗ

metric,value
10,R295_Манипуляции с системой непривилегированным процессом
8,R220_Сбор информации об учетных записях
6,"P005;KSC;Обнаружено ВПО, невозможно удалить"
6,R062_Действия над группой из командной строки
5,R105_Подозрение на обфускацию кода с использованием спецсимволов
4,R424_Подозрительные параметры входа в систему
3,R406_Получение учетных данных через GUI-запросы
3,R221_Сбор информации о группах
3,R224_Сбор информации о системе
3,R302_Манипуляции с атрибутами файла
2,R229_Сбор информации о службах
2,R003_Удаленный вход под учетной записью локального администратора
2,R077_Обнаружено вредоносное ПО
2,R102_Доступ к WinAPI
2,R107_Использование сжатия данных
2,R060_Большое количество манипуляций с группами за короткий промежуток времени
2,R109_Использование известных зловредных фреймворков для эксплуатации уязвимостей
2,R110_Использование подозрительных опций в командах PowerShell
1,R223_Сбор информации о процессах
1,P003;KSC;Обнаружено ВПО на множестве хостов (по имени ВПО)
1,R051_Учетная запись была добавлена в группу подозрительным пользователем
1,R423_Подозрительный процесс компиляции файла
1,R054_Удаление группы в ОС Windows подозрительным пользователем
1,R080_Всплеск заражений ВПО
1,R099_Манипуляции с задачами по расписанию
1,R035_Возможный подбор пароля методом перебора учетных записей
1,R083_Обнаружены следы использования нежелательных утилит
1,P004;KSC;Обнаружено ВПО на множестве хостов (по хешу ВПО)
1,R089_Обнаружены возможные следы действий программ-вымогателей
1,R061_Действия над учетной записью
1,R293_Аномальное дерево процессов для Windows
1,P002;KES;Отключена защита на хосте
1,Отключение правила на 1 час
