﻿Затронутые активы
2025-04-01T00:00:00+03:00 - 2025-04-24T16:01:26+03:00
[ТМ] НЗИВ

id,displayName,criticality,frequency,tenantID,tenantName
1118a53d-b748-469e-9f79-c934d6a8f3c6,FO2,1,1,e11db800-5751-4266-bb62-28102f9b5949,[ТМ] НЗИВ
f295402c-a27c-4e7b-92bd-319abe3900df,GUARDS,1,1,e11db800-5751-4266-bb62-28102f9b5949,[ТМ] НЗИВ
cad0686e-29b5-4aeb-acab-61faba6bb05e,OIT18,1,1,e11db800-5751-4266-bb62-28102f9b5949,[ТМ] НЗИВ
25b52ba4-bd37-479d-aa46-3703776af16f,OIT69,1,1,e11db800-5751-4266-bb62-28102f9b5949,[ТМ] НЗИВ
b345d5ed-98c6-4980-a654-7ce89c77a314,OKS18,1,1,e11db800-5751-4266-bb62-28102f9b5949,[ТМ] НЗИВ
738f90ea-33cf-4681-ac39-329520b8ff08,OTB-19,1,1,e11db800-5751-4266-bb62-28102f9b5949,[ТМ] НЗИВ
30aeabba-559a-4b9d-9584-fe51024ebd58,SOT3,1,1,e11db800-5751-4266-bb62-28102f9b5949,[ТМ] НЗИВ
aebcc4c3-5ddc-4ed8-b277-b6f702016dad,U7-18,1,1,e11db800-5751-4266-bb62-28102f9b5949,[ТМ] НЗИВ
