﻿Последние 10 алертов
2025-04-01T00:00:00+03:00 - 2025-04-24T16:01:26+03:00
[ТМ] НЗИВ

correlationRuleName,tenantName,firstSeen,name,severity,priority,status,userName,id,tenantID
R083_Обнаружены следы использования нежелательных утилит,[ТМ] НЗИВ,2025-04-18T11:16:00+03:00,R083_Обнаружены следы использования нежелательных утилит,Medium,2,New,,aa29e7fe-43f5-46e9-adb1-bd5793607c6f,e11db800-5751-4266-bb62-28102f9b5949
R063_Добавление учетной записи в группу доменных или локальных администраторов,[ТМ] НЗИВ,2025-04-08T07:10:55+03:00,R063_Добавление учетной записи в группу доменных или локальных администраторов,High,3,In progress,Александра Зейферт,6f6c1695-a08d-4039-b973-6421778fa76c,e11db800-5751-4266-bb62-28102f9b5949
R152_Запущенный процесс имеет подозрительный родительский процесс,[ТМ] НЗИВ,2025-04-08T02:25:01+03:00,R152_Запущенный процесс имеет подозрительный родительский процесс,Low,1,New,,784b346c-453c-4bb3-9990-c089cb3ae61a,e11db800-5751-4266-bb62-28102f9b5949
R061_Действия над учетной записью,[ТМ] НЗИВ,2025-04-01T10:18:58+03:00,R061_Действия над учетной записью,Low,1,New,,9fbafacf-889a-4bda-bff1-aa0e43dd419d,e11db800-5751-4266-bb62-28102f9b5949
R423_Подозрительный процесс компиляции файла,[ТМ] НЗИВ,2025-04-01T10:18:38+03:00,R423_Подозрительный процесс компиляции файла,Medium,2,New,,27554c52-c9f1-4452-b34d-d78f4d4bbf0c,e11db800-5751-4266-bb62-28102f9b5949
