﻿Последние 10 алертов
2025-04-01T00:00:00+03:00 - 2025-04-24T15:54:15+03:00
[ТД] Авиаагрегат

userName,tenantName,id,severity,priority,correlationRuleName,tenantID,name,firstSeen,status
,[ТД] Авиаагрегат,715eb4bf-180e-41a4-a608-5d8e80595b61,Low,1,R102_Доступ к WinAPI,f0ea39c6-e908-4015-9233-7979262a2368,R102_Доступ к WinAPI,2025-04-24T12:49:06+03:00,New
,[ТД] Авиаагрегат,f1b625f6-55af-4a68-a486-b722dd7764e0,Low,1,R054_Удаление группы в ОС Windows подозрительным пользователем,f0ea39c6-e908-4015-9233-7979262a2368,R054_Удаление группы в ОС Windows подозрительным пользователем,2025-04-22T16:39:26+03:00,New
,[ТД] Авиаагрегат,96afa98f-91dc-4503-8747-9b3058dd6625,Medium,2,R406_Получение учетных данных через GUI-запросы,f0ea39c6-e908-4015-9233-7979262a2368,R406_Получение учетных данных через GUI-запросы,2025-04-21T22:14:56+03:00,New
,[ТД] Авиаагрегат,0b06ba4c-8a2a-4a0e-8604-e84d74b71add,Low,1,R055_Изменение группы в ОС Windows подозрительным пользователем,f0ea39c6-e908-4015-9233-7979262a2368,R055_Изменение группы в ОС Windows подозрительным пользователем,2025-04-18T15:09:30+03:00,New
,[ТД] Авиаагрегат,f144647a-f420-4301-959e-86a38e7bb3d7,Medium,2,R110_Использование подозрительных опций в командах PowerShell,f0ea39c6-e908-4015-9233-7979262a2368,R110_Использование подозрительных опций в командах PowerShell,2025-04-18T14:37:31+03:00,New
,[ТД] Авиаагрегат,6d4cba7c-2b8b-468a-89ee-d00e446b9d5c,Low,1,R222_Сбор информации о сетевых папках,f0ea39c6-e908-4015-9233-7979262a2368,R222_Сбор информации о сетевых папках,2025-04-02T11:25:41+03:00,New
