﻿Затронутые активы
2025-04-01T00:00:00+03:00 - 2025-04-24T16:04:57+03:00
[ТМ] Позис

tenantName,id,displayName,criticality,frequency,tenantID
[ТМ] Позис,01920ea0-f7c7-4b94-ad3c-e3ee41bb20a4,CEO-NACH,1,7,10d0c310-c950-4831-b1fe-24821bc5b558
[ТМ] Позис,2f4c8f88-3e18-4eef-ae20-584d4b44efb3,BPK-2,1,5,10d0c310-c950-4831-b1fe-24821bc5b558
[ТМ] Позис,5380c88e-277e-4bbc-b429-e6badf99a7e5,KP-TORG-2,1,5,10d0c310-c950-4831-b1fe-24821bc5b558
[ТМ] Позис,a04f0dfa-00cb-4e7f-a2c2-aa128eec0565,REJM-2,1,5,10d0c310-c950-4831-b1fe-24821bc5b558
[ТМ] Позис,b0abc090-2bfd-47f5-80cc-bb6a790b4432,UPMIPK-5,1,5,10d0c310-c950-4831-b1fe-24821bc5b558
[ТМ] Позис,74eb40fc-976c-4188-9588-80e7097834da,DC1,1,2,10d0c310-c950-4831-b1fe-24821bc5b558
[ТМ] Позис,b42d26b1-c300-4cdd-87e5-a499ffb0691b,1OTD-9-408-01,1,1,10d0c310-c950-4831-b1fe-24821bc5b558
[ТМ] Позис,aab0411d-c23a-46be-a3ba-14a0904b9916,1OTD-9-408-03,1,1,10d0c310-c950-4831-b1fe-24821bc5b558
[ТМ] Позис,292334f8-69dc-4b35-897a-347376523a23,1OTD-9-408-05,1,1,10d0c310-c950-4831-b1fe-24821bc5b558
[ТМ] Позис,ff16880f-b134-404d-9f06-75d6b0b28e74,AGD-PRIEM,1,1,10d0c310-c950-4831-b1fe-24821bc5b558
[ТМ] Позис,60e67604-d44f-4eb3-9b67-d962f603d74d,DC2,1,1,10d0c310-c950-4831-b1fe-24821bc5b558
[ТМ] Позис,d8d629b4-0812-43cc-9c35-9e908af20bd9,FO-7,1,1,10d0c310-c950-4831-b1fe-24821bc5b558
[ТМ] Позис,88e22809-38af-44b1-a654-f0a73f9bbe1b,HOST1,1,1,10d0c310-c950-4831-b1fe-24821bc5b558
[ТМ] Позис,f21b66be-f9bd-4262-a995-dd90d5290dd4,ISUPSERVER,1,1,10d0c310-c950-4831-b1fe-24821bc5b558
[ТМ] Позис,a90f5f47-374e-4760-858a-a81e0041cbaa,IT-LABREM-3,1,1,10d0c310-c950-4831-b1fe-24821bc5b558
[ТМ] Позис,a8d4557c-e5f1-46d8-beb8-803b8e244ba5,KANCEL-2,1,1,10d0c310-c950-4831-b1fe-24821bc5b558
[ТМ] Позис,4dce7a53-c758-4997-bc4c-c93b48f5e55d,MEDMARKET-1,1,1,10d0c310-c950-4831-b1fe-24821bc5b558
[ТМ] Позис,5523e981-514f-454d-abe9-9ae7487771a3,MEDMARKET-2,1,1,10d0c310-c950-4831-b1fe-24821bc5b558
[ТМ] Позис,3d8ca626-3de4-4ba6-9425-72c174078992,OSO-NACH,1,1,10d0c310-c950-4831-b1fe-24821bc5b558
[ТМ] Позис,9b69016e-3081-4aab-8836-fc7c46ee4202,OSO-PRIEM,1,1,10d0c310-c950-4831-b1fe-24821bc5b558
[ТМ] Позис,fd97a9bf-82ba-4bc9-869f-75ea00d8ec4d,OSO-ZAMNACH,1,1,10d0c310-c950-4831-b1fe-24821bc5b558
[ТМ] Позис,123c8768-3cae-484d-85c8-22a5b6790bff,OSO3,1,1,10d0c310-c950-4831-b1fe-24821bc5b558
[ТМ] Позис,dff3daeb-7f5d-4430-a957-9bc2c0ce260c,PRODUKT-ZAMGD,1,1,10d0c310-c950-4831-b1fe-24821bc5b558
[ТМ] Позис,c3b0d0cf-3c5e-4c9f-bef7-4e310a6d3692,PSP-KLAD-MGK,1,1,10d0c310-c950-4831-b1fe-24821bc5b558
[ТМ] Позис,e1cf837f-20e3-490c-a66a-a2414071a650,REKLAMA-2,1,1,10d0c310-c950-4831-b1fe-24821bc5b558
[ТМ] Позис,1f72d4c9-8ae5-49df-a586-7f8a1c36f88c,SALES-8,1,1,10d0c310-c950-4831-b1fe-24821bc5b558
[ТМ] Позис,817fdbb9-9b0f-437a-9edd-7a32d0747f5d,SIMTEST,1,1,10d0c310-c950-4831-b1fe-24821bc5b558
