﻿Последние 10 алертов
2025-04-01T00:00:00+03:00 - 2025-04-24T16:04:57+03:00
[ТМ] Позис

tenantID,userName,correlationRuleName,priority,name,tenantName,status,firstSeen,severity,id
10d0c310-c950-4831-b1fe-24821bc5b558,,R054_Удаление группы в ОС Windows подозрительным пользователем,1,R054_Удаление группы в ОС Windows подозрительным пользователем,[ТМ] Позис,New,2025-04-24T14:27:37+03:00,Low,15133ac5-d250-405a-a79d-1ecf6b63cde8
10d0c310-c950-4831-b1fe-24821bc5b558,,R003_Удаленный вход под учетной записью локального администратора,1,R003_Удаленный вход под учетной записью локального администратора,[ТМ] Позис,New,2025-04-24T06:46:29+03:00,Low,90a1cdea-a65b-4323-b798-a0f3a5d0f2c4
10d0c310-c950-4831-b1fe-24821bc5b558,,R077_Обнаружено вредоносное ПО,2,R077_Обнаружено вредоносное ПО,[ТМ] Позис,New,2025-04-21T15:02:57+03:00,Medium,a484c6d6-a482-4f4d-ac82-101ffd5e2be6
10d0c310-c950-4831-b1fe-24821bc5b558,,R071_Получен доступ к ADMIN$,3,R071_Получен доступ к ADMIN$,[ТМ] Позис,New,2025-04-18T13:56:58+03:00,High,ea84ac75-c535-4edd-8c7a-37b845104a0c
10d0c310-c950-4831-b1fe-24821bc5b558,Александра Зейферт,R071_Получен доступ к ADMIN$,3,R071_Получен доступ к ADMIN$,[ТМ] Позис,In progress,2025-04-16T11:23:31+03:00,High,8f40766f-3378-47cf-8150-7950f223a11b
10d0c310-c950-4831-b1fe-24821bc5b558,Александра Зейферт,R071_Получен доступ к ADMIN$,3,R071_Получен доступ к ADMIN$,[ТМ] Позис,In incident,2025-04-15T17:23:43+03:00,High,2dd159da-6651-4061-960d-b00ea9d57305
10d0c310-c950-4831-b1fe-24821bc5b558,Александра Зейферт,R071_Получен доступ к ADMIN$,3,R071_Получен доступ к ADMIN$,[ТМ] Позис,In incident,2025-04-14T13:56:41+03:00,High,5cada4c8-f7c5-400e-a29f-42ea79fb739a
10d0c310-c950-4831-b1fe-24821bc5b558,Александра Зейферт,R071_Получен доступ к ADMIN$,3,R071_Получен доступ к ADMIN$,[ТМ] Позис,In incident,2025-04-14T12:49:24+03:00,High,218c6091-677f-41e1-9463-47bcbbe590a8
10d0c310-c950-4831-b1fe-24821bc5b558,Александра Зейферт,R071_Получен доступ к ADMIN$,3,R071_Получен доступ к ADMIN$,[ТМ] Позис,In incident,2025-04-07T12:51:05+03:00,High,91ecb868-854e-4a56-bb78-9a6e5866b2bf
10d0c310-c950-4831-b1fe-24821bc5b558,,R087_Подозрение на внедрение в процесс,2,R087_Подозрение на внедрение в процесс,[ТМ] Позис,New,2025-04-06T05:01:39+03:00,Medium,22957905-b4bf-45ab-885c-0b4af22b53b0
