﻿Затронутые активы
2025-04-01T00:00:00+03:00 - 2025-04-24T16:05:58+03:00
[СХ] Краснозаводский ХЗ

criticality,frequency,tenantID,tenantName,id,displayName
1,2,d6e373ef-4c17-4a71-9967-cbd4b6d3869e,[СХ] Краснозаводский ХЗ,5826bfa2-5450-441d-ac54-770b2c09e29a,ASU2903
1,1,d6e373ef-4c17-4a71-9967-cbd4b6d3869e,[СХ] Краснозаводский ХЗ,d7ca5470-9c70-457e-8036-207dcb50125c,ASU2903
1,1,d6e373ef-4c17-4a71-9967-cbd4b6d3869e,[СХ] Краснозаводский ХЗ,81fbe8f7-943a-483b-992b-dc56b5fa9a10,ASU2903
1,1,d6e373ef-4c17-4a71-9967-cbd4b6d3869e,[СХ] Краснозаводский ХЗ,e80a46d4-28c3-47b3-8c11-3153b9a22787,ASU2903
1,1,d6e373ef-4c17-4a71-9967-cbd4b6d3869e,[СХ] Краснозаводский ХЗ,768e97a5-6595-4bdf-b6fc-d7f6e1a2690c,AVTO
1,1,d6e373ef-4c17-4a71-9967-cbd4b6d3869e,[СХ] Краснозаводский ХЗ,9a108516-ef15-4088-a6a8-d0abf99a7f42,ENERGO1
1,1,d6e373ef-4c17-4a71-9967-cbd4b6d3869e,[СХ] Краснозаводский ХЗ,5d633bd6-2f14-49fc-b635-f57474e0c0b3,ENERGO2
1,1,d6e373ef-4c17-4a71-9967-cbd4b6d3869e,[СХ] Краснозаводский ХЗ,679bfda3-c2f1-407b-9d44-f5376095e143,KOMDIR
1,1,d6e373ef-4c17-4a71-9967-cbd4b6d3869e,[СХ] Краснозаводский ХЗ,7674b5b8-0ae5-4eaf-8980-c613cb23f5b5,KORPPROC
1,1,d6e373ef-4c17-4a71-9967-cbd4b6d3869e,[СХ] Краснозаводский ХЗ,5986dff9-0293-498c-a955-6cfad813a4fe,NOTK2
1,1,d6e373ef-4c17-4a71-9967-cbd4b6d3869e,[СХ] Краснозаводский ХЗ,88ddfc70-95f1-49a6-a607-3b3643c31521,OGE1
1,1,d6e373ef-4c17-4a71-9967-cbd4b6d3869e,[СХ] Краснозаводский ХЗ,7d23d07e-fba0-428f-b807-ded24ebf5ea7,OGM5
1,1,d6e373ef-4c17-4a71-9967-cbd4b6d3869e,[СХ] Краснозаводский ХЗ,554b6543-f465-4484-a357-dc955a2d3dbd,OOS-6
1,1,d6e373ef-4c17-4a71-9967-cbd4b6d3869e,[СХ] Краснозаводский ХЗ,1c4d9659-5e52-4145-b69f-79b2508e8ca5,SHLN
1,1,d6e373ef-4c17-4a71-9967-cbd4b6d3869e,[СХ] Краснозаводский ХЗ,e998352f-a773-4e45-aaf4-d84ce6aa9ccd,URIST5
