﻿Последние 10 алертов
2025-04-01T00:00:00+03:00 - 2025-04-24T16:05:58+03:00
[СХ] Краснозаводский ХЗ

tenantID,firstSeen,priority,name,id,severity,tenantName,status,correlationRuleName,userName
d6e373ef-4c17-4a71-9967-cbd4b6d3869e,2025-04-18T15:28:49+03:00,2,R105_Подозрение на обфускацию кода с использованием спецсимволов,6ae34452-e65f-4da2-8471-985416d8600e,Medium,[СХ] Краснозаводский ХЗ,New,R105_Подозрение на обфускацию кода с использованием спецсимволов,
d6e373ef-4c17-4a71-9967-cbd4b6d3869e,2025-04-09T15:22:50+03:00,2,R105_Подозрение на обфускацию кода с использованием спецсимволов,2ad5ca41-bb07-49bf-800a-ba32ef9d9d9d,Medium,[СХ] Краснозаводский ХЗ,In incident,R105_Подозрение на обфускацию кода с использованием спецсимволов,Александра Зейферт
d6e373ef-4c17-4a71-9967-cbd4b6d3869e,2025-04-09T15:15:15+03:00,1,R035_Возможный подбор пароля методом перебора учетных записей,d66ad31b-d3ec-41d2-8257-f2536772bcca,Low,[СХ] Краснозаводский ХЗ,New,R035_Возможный подбор пароля методом перебора учетных записей,
d6e373ef-4c17-4a71-9967-cbd4b6d3869e,2025-04-02T12:54:36+03:00,2,R080_Всплеск заражений ВПО,f911338c-e849-4c97-b971-a6b559d06e13,Medium,[СХ] Краснозаводский ХЗ,New,R080_Всплеск заражений ВПО,
