﻿Последние 10 алертов
2025-04-01T00:00:00+03:00 - 2025-04-24T16:00:54+03:00
[ТМ] АОМЗ

severity,tenantID,priority,userName,name,id,status,correlationRuleName,tenantName,firstSeen
Medium,273e1183-08cd-4cd7-bce7-69155bc7b765,2,,R080_Всплеск заражений ВПО,ec42009d-bc33-4d29-add0-f86c6575bd56,New,R080_Всплеск заражений ВПО,[ТМ] АОМЗ,2025-04-23T14:30:27+03:00
High,273e1183-08cd-4cd7-bce7-69155bc7b765,3,,R401_Попытка обращения на запрещенный ресурс не из браузера,2b822d75-090f-4e68-af04-7723f542fd6d,New,R401_Попытка обращения на запрещенный ресурс не из браузера,[ТМ] АОМЗ,2025-04-04T16:12:37+03:00
