﻿Активы в инцидентах
2025-04-01T00:00:00+03:00 - 2025-04-24T15:53:12+03:00
[ТД] Респиратор

count,id,tenantID,tenantName,name,weight
1,58267c46-937c-43d4-8614-65c0732a932d,12ae9f33-3b33-40ef-946e-6d2946468cf4,[ТД] Респиратор,PC060653,1
1,ae7979e2-1bed-48db-a2ac-87d0817a42ae,12ae9f33-3b33-40ef-946e-6d2946468cf4,[ТД] Респиратор,PC060807,1
1,56a236f6-8f80-4651-9008-a0fbb8355e27,12ae9f33-3b33-40ef-946e-6d2946468cf4,[ТД] Респиратор,PC060734,1
1,28d7a055-3a7c-4b0e-a6d9-9eca8024a714,12ae9f33-3b33-40ef-946e-6d2946468cf4,[ТД] Респиратор,PC060945,1
1,eb40db1f-5f50-4fce-a409-55f98864c9c5,12ae9f33-3b33-40ef-946e-6d2946468cf4,[ТД] Респиратор,PC061102,1
1,53b2ed50-c590-4f8d-96bd-739066d1a44f,12ae9f33-3b33-40ef-946e-6d2946468cf4,[ТД] Респиратор,PC060731,1
1,65e871d4-b54c-4746-a4bc-61de391885b0,12ae9f33-3b33-40ef-946e-6d2946468cf4,[ТД] Респиратор,PC061033,1
1,3df19aaf-de08-49a3-b119-7406b021ee76,12ae9f33-3b33-40ef-946e-6d2946468cf4,[ТД] Респиратор,PC060756,1
1,5319e295-7425-4834-ab31-28f9534f8096,12ae9f33-3b33-40ef-946e-6d2946468cf4,[ТД] Респиратор,PC060857,1
1,5f66d815-02b9-4cee-9dde-247cb2d8d323,12ae9f33-3b33-40ef-946e-6d2946468cf4,[ТД] Респиратор,PC060793,1
1,d307e121-d3fd-4c67-8dee-362d0f59bd6c,12ae9f33-3b33-40ef-946e-6d2946468cf4,[ТД] Респиратор,PC060917,1
1,83d102f8-35a7-4278-9723-245e07e73eac,12ae9f33-3b33-40ef-946e-6d2946468cf4,[ТД] Респиратор,PC060965,1
1,5a0bcd08-4910-455c-81fc-af00d6a298a4,12ae9f33-3b33-40ef-946e-6d2946468cf4,[ТД] Респиратор,PC061345,1
1,466a004b-eb6d-40c1-ab8b-9b3e4b882c94,12ae9f33-3b33-40ef-946e-6d2946468cf4,[ТД] Респиратор,PC061530,1
1,1edee3a6-914f-4544-8fc9-7dff9cabd832,12ae9f33-3b33-40ef-946e-6d2946468cf4,[ТД] Респиратор,PC060760,1
1,1795ee4e-e28c-4021-9f8d-7859d500e9d1,12ae9f33-3b33-40ef-946e-6d2946468cf4,[ТД] Респиратор,PC061059,1
1,10957e3e-fee5-4406-83d0-8abd30f7dded,12ae9f33-3b33-40ef-946e-6d2946468cf4,[ТД] Респиратор,PC060904,1
1,4c23abea-9bec-4b50-b76f-8dbd3d07d1b9,12ae9f33-3b33-40ef-946e-6d2946468cf4,[ТД] Респиратор,PC061089,1
1,025fbb7a-c346-4eb4-9396-a2c103fe79b4,12ae9f33-3b33-40ef-946e-6d2946468cf4,[ТД] Респиратор,PC060710,1
1,ce4ae0ec-8569-4048-a9d1-3b0f4965b5e6,12ae9f33-3b33-40ef-946e-6d2946468cf4,[ТД] Респиратор,PC060574,1
1,30ffeb25-892b-4b46-86cc-34da5cec7fe2,12ae9f33-3b33-40ef-946e-6d2946468cf4,[ТД] Респиратор,PC060451,1
1,a5490a62-93ef-4f35-9dee-80f3c90ed343,12ae9f33-3b33-40ef-946e-6d2946468cf4,[ТД] Респиратор,PC060909,1
1,40d8edbc-522a-4deb-823c-6fa08061a2f5,12ae9f33-3b33-40ef-946e-6d2946468cf4,[ТД] Респиратор,SRH-024-BCKP,1
1,60fe6a5a-fed5-4a6a-83bc-eafd27c963b5,12ae9f33-3b33-40ef-946e-6d2946468cf4,[ТД] Респиратор,PC061310,1
1,b2d48145-376a-45b7-9790-12fa4ffaad10,12ae9f33-3b33-40ef-946e-6d2946468cf4,[ТД] Респиратор,PC061098,1
1,a12f6176-cbd4-4d4e-8be5-4791fdf330f9,12ae9f33-3b33-40ef-946e-6d2946468cf4,[ТД] Респиратор,PC061000,1
1,00d94bad-b8b1-42dd-afc5-7edfe6216d96,12ae9f33-3b33-40ef-946e-6d2946468cf4,[ТД] Респиратор,71-KO-IKONS06,1
1,169762ca-2f14-4052-852c-9231ada0c461,12ae9f33-3b33-40ef-946e-6d2946468cf4,[ТД] Респиратор,PC061051,1
1,0f2e9394-7bb3-4885-afa6-82fa8b6786a6,12ae9f33-3b33-40ef-946e-6d2946468cf4,[ТД] Респиратор,PC061013,1
1,869f4cbf-de00-4c5f-a94c-360a05efc0c6,12ae9f33-3b33-40ef-946e-6d2946468cf4,[ТД] Респиратор,PC061103,1
1,9263b887-46f9-40b2-a4f5-e0b6ffd688a7,12ae9f33-3b33-40ef-946e-6d2946468cf4,[ТД] Респиратор,PC061427,1
1,57a95a66-51f2-415b-bc03-a2755cc89d8c,12ae9f33-3b33-40ef-946e-6d2946468cf4,[ТД] Респиратор,PC060891,1
1,9eba4f77-25c7-4b13-b491-e8ecf9a83ef4,12ae9f33-3b33-40ef-946e-6d2946468cf4,[ТД] Респиратор,PC061554,1
