﻿Затронутые активы
2025-04-01T00:00:00+03:00 - 2025-04-24T15:53:12+03:00
[ТД] Респиратор

displayName,criticality,frequency,tenantID,tenantName,id
PC061089,1,2,12ae9f33-3b33-40ef-946e-6d2946468cf4,[ТД] Респиратор,4c23abea-9bec-4b50-b76f-8dbd3d07d1b9
PC061427,1,2,12ae9f33-3b33-40ef-946e-6d2946468cf4,[ТД] Респиратор,9263b887-46f9-40b2-a4f5-e0b6ffd688a7
SRH-024-BCKP,1,2,12ae9f33-3b33-40ef-946e-6d2946468cf4,[ТД] Респиратор,40d8edbc-522a-4deb-823c-6fa08061a2f5
71-KO-IKONS06,1,1,12ae9f33-3b33-40ef-946e-6d2946468cf4,[ТД] Респиратор,00d94bad-b8b1-42dd-afc5-7edfe6216d96
PC060451,1,1,12ae9f33-3b33-40ef-946e-6d2946468cf4,[ТД] Респиратор,30ffeb25-892b-4b46-86cc-34da5cec7fe2
PC060574,1,1,12ae9f33-3b33-40ef-946e-6d2946468cf4,[ТД] Респиратор,ce4ae0ec-8569-4048-a9d1-3b0f4965b5e6
PC060653,1,1,12ae9f33-3b33-40ef-946e-6d2946468cf4,[ТД] Респиратор,58267c46-937c-43d4-8614-65c0732a932d
PC060710,1,1,12ae9f33-3b33-40ef-946e-6d2946468cf4,[ТД] Респиратор,025fbb7a-c346-4eb4-9396-a2c103fe79b4
PC060731,1,1,12ae9f33-3b33-40ef-946e-6d2946468cf4,[ТД] Респиратор,53b2ed50-c590-4f8d-96bd-739066d1a44f
PC060734,1,1,12ae9f33-3b33-40ef-946e-6d2946468cf4,[ТД] Респиратор,56a236f6-8f80-4651-9008-a0fbb8355e27
PC060756,1,1,12ae9f33-3b33-40ef-946e-6d2946468cf4,[ТД] Респиратор,3df19aaf-de08-49a3-b119-7406b021ee76
PC060760,1,1,12ae9f33-3b33-40ef-946e-6d2946468cf4,[ТД] Респиратор,1edee3a6-914f-4544-8fc9-7dff9cabd832
PC060793,1,1,12ae9f33-3b33-40ef-946e-6d2946468cf4,[ТД] Респиратор,5f66d815-02b9-4cee-9dde-247cb2d8d323
PC060807,1,1,12ae9f33-3b33-40ef-946e-6d2946468cf4,[ТД] Респиратор,ae7979e2-1bed-48db-a2ac-87d0817a42ae
PC060857,1,1,12ae9f33-3b33-40ef-946e-6d2946468cf4,[ТД] Респиратор,5319e295-7425-4834-ab31-28f9534f8096
PC060891,1,1,12ae9f33-3b33-40ef-946e-6d2946468cf4,[ТД] Респиратор,57a95a66-51f2-415b-bc03-a2755cc89d8c
PC060904,1,1,12ae9f33-3b33-40ef-946e-6d2946468cf4,[ТД] Респиратор,10957e3e-fee5-4406-83d0-8abd30f7dded
PC060909,1,1,12ae9f33-3b33-40ef-946e-6d2946468cf4,[ТД] Респиратор,a5490a62-93ef-4f35-9dee-80f3c90ed343
PC060917,1,1,12ae9f33-3b33-40ef-946e-6d2946468cf4,[ТД] Респиратор,d307e121-d3fd-4c67-8dee-362d0f59bd6c
PC060945,1,1,12ae9f33-3b33-40ef-946e-6d2946468cf4,[ТД] Респиратор,28d7a055-3a7c-4b0e-a6d9-9eca8024a714
PC060965,1,1,12ae9f33-3b33-40ef-946e-6d2946468cf4,[ТД] Респиратор,83d102f8-35a7-4278-9723-245e07e73eac
PC061000,1,1,12ae9f33-3b33-40ef-946e-6d2946468cf4,[ТД] Респиратор,a12f6176-cbd4-4d4e-8be5-4791fdf330f9
PC061013,1,1,12ae9f33-3b33-40ef-946e-6d2946468cf4,[ТД] Респиратор,0f2e9394-7bb3-4885-afa6-82fa8b6786a6
PC061033,1,1,12ae9f33-3b33-40ef-946e-6d2946468cf4,[ТД] Респиратор,65e871d4-b54c-4746-a4bc-61de391885b0
PC061051,1,1,12ae9f33-3b33-40ef-946e-6d2946468cf4,[ТД] Респиратор,169762ca-2f14-4052-852c-9231ada0c461
PC061059,1,1,12ae9f33-3b33-40ef-946e-6d2946468cf4,[ТД] Респиратор,1795ee4e-e28c-4021-9f8d-7859d500e9d1
PC061092,1,1,12ae9f33-3b33-40ef-946e-6d2946468cf4,[ТД] Респиратор,5586e991-8804-406b-ba38-267e1f92972e
PC061098,1,1,12ae9f33-3b33-40ef-946e-6d2946468cf4,[ТД] Респиратор,b2d48145-376a-45b7-9790-12fa4ffaad10
PC061102,1,1,12ae9f33-3b33-40ef-946e-6d2946468cf4,[ТД] Респиратор,eb40db1f-5f50-4fce-a409-55f98864c9c5
PC061103,1,1,12ae9f33-3b33-40ef-946e-6d2946468cf4,[ТД] Респиратор,869f4cbf-de00-4c5f-a94c-360a05efc0c6
PC061198,1,1,12ae9f33-3b33-40ef-946e-6d2946468cf4,[ТД] Респиратор,e286d856-beba-45fc-812c-b9ce34fb3f67
PC061200,1,1,12ae9f33-3b33-40ef-946e-6d2946468cf4,[ТД] Респиратор,14c50bbb-b3fe-4ac7-ac20-f1034d5b8801
PC061310,1,1,12ae9f33-3b33-40ef-946e-6d2946468cf4,[ТД] Респиратор,60fe6a5a-fed5-4a6a-83bc-eafd27c963b5
PC061345,1,1,12ae9f33-3b33-40ef-946e-6d2946468cf4,[ТД] Респиратор,5a0bcd08-4910-455c-81fc-af00d6a298a4
PC061443,1,1,12ae9f33-3b33-40ef-946e-6d2946468cf4,[ТД] Респиратор,78a46f6f-804a-4414-a9fa-304f5135bbd4
PC061451,1,1,12ae9f33-3b33-40ef-946e-6d2946468cf4,[ТД] Респиратор,d2bc5429-5d4e-42ff-9cd0-f4e5f2e35c26
PC061530,1,1,12ae9f33-3b33-40ef-946e-6d2946468cf4,[ТД] Респиратор,466a004b-eb6d-40c1-ab8b-9b3e4b882c94
PC061554,1,1,12ae9f33-3b33-40ef-946e-6d2946468cf4,[ТД] Респиратор,9eba4f77-25c7-4b13-b491-e8ecf9a83ef4
PC061571,1,1,12ae9f33-3b33-40ef-946e-6d2946468cf4,[ТД] Респиратор,1769a5f7-1714-48cf-a5a9-e5fff6c9bcb8
