﻿Последние 10 алертов
2025-04-01T00:00:00+03:00 - 2025-04-24T15:53:12+03:00
[ТД] Респиратор

tenantName,id,firstSeen,correlationRuleName,status,severity,name,tenantID,priority,userName
[ТД] Респиратор,936a63a8-4371-4d28-b67a-8f3d411f739b,2025-04-23T12:13:40+03:00,R080_Всплеск заражений ВПО,New,Medium,R080_Всплеск заражений ВПО,12ae9f33-3b33-40ef-946e-6d2946468cf4,2,
[ТД] Респиратор,a10556b2-5167-45e6-9a3e-11d73745b3c6,2025-04-22T14:42:11+03:00,R071_Получен доступ к ADMIN$,New,High,R071_Получен доступ к ADMIN$,12ae9f33-3b33-40ef-946e-6d2946468cf4,3,
[ТД] Респиратор,9aa57482-0b10-4e54-9e88-b3b6fd54eeca,2025-04-08T14:05:13+03:00,R207_Сканирование на уязвимости,In incident,Low,R207_Сканирование на уязвимости,12ae9f33-3b33-40ef-946e-6d2946468cf4,1,Александра Зейферт
[ТД] Респиратор,e634e662-0cac-4347-b4c6-b08870dccdd0,2025-04-02T11:41:09+03:00,R222_Сбор информации о сетевых папках,New,Low,R222_Сбор информации о сетевых папках,12ae9f33-3b33-40ef-946e-6d2946468cf4,1,
[ТД] Респиратор,53d3a904-f367-4c93-a774-78873d535a5e,2025-04-01T14:14:03+03:00,R294_Обфускация команд PowerShell,New,High,R294_Обфускация команд PowerShell,12ae9f33-3b33-40ef-946e-6d2946468cf4,3,
