﻿Последние 10 алертов
2025-04-01T00:00:00+03:00 - 2025-04-24T16:02:41+03:00
[ТМ] Сигнал

tenantID,correlationRuleName,name,priority,tenantName,id,status,firstSeen,userName,severity
3dcb34cc-1ff5-4491-806d-f65173b896b2,R224_Сбор информации о системе,R224_Сбор информации о системе,1,[ТМ] Сигнал,dc405c4d-d3ed-43ae-acd6-ea9a2051abfd,New,2025-04-23T14:02:59+03:00,,Low
3dcb34cc-1ff5-4491-806d-f65173b896b2,R061_Действия над учетной записью,R061_Действия над учетной записью,1,[ТМ] Сигнал,bfed904e-69f0-4a5c-b279-9fa579e737a5,New,2025-04-22T11:53:32+03:00,,Low
3dcb34cc-1ff5-4491-806d-f65173b896b2,R071_Получен доступ к ADMIN$,R071_Получен доступ к ADMIN$,3,[ТМ] Сигнал,dc4ac894-e45c-4fe8-a848-1c92703aeb1f,New,2025-04-18T12:15:47+03:00,,High
3dcb34cc-1ff5-4491-806d-f65173b896b2,R003_Удаленный вход под учетной записью локального администратора,R003_Удаленный вход под учетной записью локального администратора,1,[ТМ] Сигнал,01f564b6-64c1-4da7-8366-7ab5a7603ba0,New,2025-04-02T08:28:52+03:00,,Low
3dcb34cc-1ff5-4491-806d-f65173b896b2,R224_Сбор информации о системе,R224_Сбор информации о системе,1,[ТМ] Сигнал,e4da7686-b3fa-404c-8c6a-4c0b15e1c1fa,In incident,2025-04-01T18:32:32+03:00,Александра Зейферт,Low
