﻿Активы в инцидентах
2025-04-01T00:00:00+03:00 - 2025-04-24T15:53:01+03:00
[ТД] МПО Румянцева

weight,count,id,tenantID,tenantName,name
1,1,65654dfa-5813-48de-851b-2c06475acaa8,3a7d74b5-ba66-4c71-a627-3746d5f66540,[ТМ] Прибор Голембиовского,NOVOSELOV
1,1,69cf00f1-5029-4aec-a963-ccdcf384262f,2a663000-d01a-49a9-98b4-dd92d7f9f6cd,[ТД] Искра,Z18-504-11
1,1,c8d7b797-8c57-4434-87ab-5d30765d1082,3a7d74b5-ba66-4c71-a627-3746d5f66540,[ТМ] Прибор Голембиовского,SIRIN711
1,1,aebcc4c3-5ddc-4ed8-b277-b6f702016dad,e11db800-5751-4266-bb62-28102f9b5949,[ТМ] НЗИВ,U7-18
1,1,5b0b7e6a-ef1b-4d43-afd9-20d8739f2856,a551cc84-0c62-48ae-941d-6c1b2e368b27,[ТМ] ХЗ Планта,BI3
1,1,b306c53f-82c8-40f7-a4a8-e19bf24fc57d,3a7d74b5-ba66-4c71-a627-3746d5f66540,[ТМ] Прибор Голембиовского,GAPONOV436K
1,1,76df8ed4-df21-4b37-8d5c-d4be62915d41,a551cc84-0c62-48ae-941d-6c1b2e368b27,[ТМ] ХЗ Планта,MB4
1,1,2eb7d94e-cba8-43ce-b46d-cb14bb2dc286,3a7d74b5-ba66-4c71-a627-3746d5f66540,[ТМ] Прибор Голембиовского,NASENKOV226K
1,1,9bf4113d-d821-4640-969b-5342235962aa,2e1e2ace-2778-4dc5-9755-b79d2ac32087,[ТМ] КМЗ,PC-IT14-14
1,1,24f45e69-1c5e-4d22-a0b9-5bf405e0489f,a551cc84-0c62-48ae-941d-6c1b2e368b27,[ТМ] ХЗ Планта,AHO4
1,1,bce10aec-9dfb-4ee4-8f16-2c958d24fbb7,3a7d74b5-ba66-4c71-a627-3746d5f66540,[ТМ] Прибор Голембиовского,1CMEDVEDEVA472
1,1,016cebf6-cdd1-4259-97d6-812415bad207,3a7d74b5-ba66-4c71-a627-3746d5f66540,[ТМ] Прибор Голембиовского,1CROMANOVA409
1,1,de5f2471-3c00-436e-b0dc-4b1e089c4bd3,a551cc84-0c62-48ae-941d-6c1b2e368b27,[ТМ] ХЗ Планта,BI1
1,1,d4137a58-4d8b-48bd-8ab3-bd0f73af480e,a551cc84-0c62-48ae-941d-6c1b2e368b27,[ТМ] ХЗ Планта,NB2
1,1,a5cf1088-0418-4753-9076-e994ebe4b28f,3a7d74b5-ba66-4c71-a627-3746d5f66540,[ТМ] Прибор Голембиовского,1CMEKANS
1,1,a4f5681b-1505-4a64-b8ef-58261a83620b,2a663000-d01a-49a9-98b4-dd92d7f9f6cd,[ТД] Искра,ORD-4
1,1,e58d3a5b-fe34-4f93-9f6f-43357a479837,aa7e37e9-8934-4d8a-b905-f16b6e14096e,[ТД] Гипронииавиапром,128-TOLSTIKOV
1,1,a098bea7-c8f0-43b0-a192-64063b444178,3a7d74b5-ba66-4c71-a627-3746d5f66540,[ТМ] Прибор Голембиовского,1CROMANENKO215
1,1,df3853a9-5bf1-4018-a327-36236ae5fefc,17f758ed-acec-40dd-9022-cec548a56ed3,[ТД] Электропривод,S08-SDC
1,1,4f5ef1ad-0069-4240-a067-415fa1f51e3f,a551cc84-0c62-48ae-941d-6c1b2e368b27,[ТМ] ХЗ Планта,PE5
1,1,c0d4458d-0797-465c-8a3f-a009a5e753cb,b5f1f6b4-9a66-4409-aa57-7745201ed167,[ТД] Универсал Привалова,PC-MKPKU-11002
1,1,48366e6b-9ed3-4e60-b5ef-1431bd6e9bfc,17f758ed-acec-40dd-9022-cec548a56ed3,[ТД] Электропривод,OTD12PC53
1,1,19de6cd6-e700-4275-8363-59ccab58cfc6,2e1e2ace-2778-4dc5-9755-b79d2ac32087,[ТМ] КМЗ,PC-OB52-12
1,1,e7d2d5cd-7f4a-4b6a-bb83-f9faa7383ca0,a551cc84-0c62-48ae-941d-6c1b2e368b27,[ТМ] ХЗ Планта,OKS5
1,1,5a7b6d31-1e20-40a2-9793-2f798c932ae8,79b70d38-ca99-4525-95c6-31e888cbf02f,[ТД] Полет,IT11
1,1,442bce8e-30a5-4e22-9db5-983488a889ad,2a663000-d01a-49a9-98b4-dd92d7f9f6cd,[ТД] Искра,OVAIK-3
1,1,bab6c7c7-f617-4707-94b0-7e2ee3b211ae,17f758ed-acec-40dd-9022-cec548a56ed3,[ТД] Электропривод,IT01
1,1,b7a323b3-945c-4f7d-b5bd-3d425717a1ef,3a7d74b5-ba66-4c71-a627-3746d5f66540,[ТМ] Прибор Голембиовского,TROFIMOV234
1,1,be21e9ea-1447-474e-a979-babdce5c0ed1,a551cc84-0c62-48ae-941d-6c1b2e368b27,[ТМ] ХЗ Планта,KO1
1,1,b49fd535-4282-4ec2-a8d2-7484e0b7bf73,a551cc84-0c62-48ae-941d-6c1b2e368b27,[ТМ] ХЗ Планта,PE10
1,1,7b093bd9-520d-49df-8f32-aeecaa522900,3a7d74b5-ba66-4c71-a627-3746d5f66540,[ТМ] Прибор Голембиовского,NOVICKAYA409
1,1,128f9226-e67c-4ba8-b48b-41ebc7ca9340,2a663000-d01a-49a9-98b4-dd92d7f9f6cd,[ТД] Искра,OLSIE-BLIS-1
1,1,e876a5e1-4e56-4fe8-9349-7f4111f6e112,17f758ed-acec-40dd-9022-cec548a56ed3,[ТД] Электропривод,TEHDIR
1,1,e2a9d244-9e25-4fde-9da7-78fac87b279f,a551cc84-0c62-48ae-941d-6c1b2e368b27,[ТМ] ХЗ Планта,ATS1
1,1,6158ce7e-af80-45a2-ae68-634be264a114,3a7d74b5-ba66-4c71-a627-3746d5f66540,[ТМ] Прибор Голембиовского,K352A1CKOTOVA
1,1,a82a572e-6ac5-48ee-806e-c6a8d5ae4eaa,a551cc84-0c62-48ae-941d-6c1b2e368b27,[ТМ] ХЗ Планта,KO6
1,1,d2842d25-142c-481c-a7f3-27d22f20e085,2a663000-d01a-49a9-98b4-dd92d7f9f6cd,[ТД] Искра,OTZ-6
1,1,f385a30a-dfc5-4d0f-b7fb-225bfb6aae4d,a551cc84-0c62-48ae-941d-6c1b2e368b27,[ТМ] ХЗ Планта,PRDO7
1,1,ae53695e-23a7-4b4d-85f3-4ddf97310141,a551cc84-0c62-48ae-941d-6c1b2e368b27,[ТМ] ХЗ Планта,OMTS4
1,1,b098d77c-0333-4abb-b168-71c4181a35b8,b5f1f6b4-9a66-4409-aa57-7745201ed167,[ТД] Универсал Привалова,PC-MKPKU-49600
1,1,3fd1103a-9abe-4bb4-b563-d6008a036461,17f758ed-acec-40dd-9022-cec548a56ed3,[ТД] Электропривод,KASSA
1,1,add61080-962d-4fa4-9861-8d97d01ad5d4,f0ffa808-1c3e-43c3-8a54-aeb8afd38747,[ТМ] Полимер,SPEC-BD
1,1,f231d5da-3831-4449-8655-e287ff4c610b,a551cc84-0c62-48ae-941d-6c1b2e368b27,[ТМ] ХЗ Планта,TO6
1,1,8cda5a0d-b7f4-46c0-a671-233bc66669a9,a551cc84-0c62-48ae-941d-6c1b2e368b27,[ТМ] ХЗ Планта,NB1
1,1,19584e8a-eee6-47cf-97d8-991d3e781f50,a551cc84-0c62-48ae-941d-6c1b2e368b27,[ТМ] ХЗ Планта,PB3
1,1,5424b833-d97d-4de5-abbe-369bdb1ef921,5a04be15-7477-4fc8-a22c-7c7a6603a501,[ТД] Солнечногорский МЗ,1CSRV
1,1,7685f88d-984f-46ac-a597-11bfa0c67c40,17f758ed-acec-40dd-9022-cec548a56ed3,[ТД] Электропривод,IT17
1,1,b3b43e02-bdcf-48e0-9843-cb80545dcae0,2a663000-d01a-49a9-98b4-dd92d7f9f6cd,[ТД] Искра,Z05-301-1
1,1,5ab505fd-58a6-470d-a684-628a07dc0d37,3a7d74b5-ba66-4c71-a627-3746d5f66540,[ТМ] Прибор Голембиовского,SCANMETROLOGI
1,1,0ba9b860-0fa5-4562-bd9d-04a82c39fed9,435de520-6641-4c42-b0f0-20e5e4267a23,[ТД] МПО Румянцева,MD-WS-44-003
1,1,5f8e35ef-7475-478c-bef6-610c13262aac,a551cc84-0c62-48ae-941d-6c1b2e368b27,[ТМ] ХЗ Планта,METROLOG2
1,1,ffaad54b-3d9f-44a8-82a7-362082898050,2a663000-d01a-49a9-98b4-dd92d7f9f6cd,[ТД] Искра,OGT-ZGT
1,1,24459308-aee6-4ad1-9583-6ee931e0bc81,a551cc84-0c62-48ae-941d-6c1b2e368b27,[ТМ] ХЗ Планта,OT12
1,1,d77c1a5b-053e-4c1b-ac2e-93e28a4e43f0,2a663000-d01a-49a9-98b4-dd92d7f9f6cd,[ТД] Искра,Z16-D6-9
1,1,89cc7b7b-1774-4496-b408-90c08cae92a9,a551cc84-0c62-48ae-941d-6c1b2e368b27,[ТМ] ХЗ Планта,SNAB6
1,1,c514e57c-6e11-4ddc-ab57-d38e4056e431,2a663000-d01a-49a9-98b4-dd92d7f9f6cd,[ТД] Искра,IT-P-SEA
1,1,41bbe627-314b-40c4-a151-70880d20b538,a551cc84-0c62-48ae-941d-6c1b2e368b27,[ТМ] ХЗ Планта,BI5
1,1,ddb94bd6-fe74-4890-a6a1-117dbbc4bf2e,a551cc84-0c62-48ae-941d-6c1b2e368b27,[ТМ] ХЗ Планта,FO5
1,1,33d0541e-4d35-4cdd-941d-c2e771d85572,a551cc84-0c62-48ae-941d-6c1b2e368b27,[ТМ] ХЗ Планта,MB5
1,1,c11cdd9c-9122-4748-b850-753423205105,fa51c743-5ac0-4984-9a7d-a616587a3e7c,[ТМ] БХЗ 50-летия СССР,PERUN
1,1,8fac3995-243e-4279-b3d6-dc997b9dc321,f0ffa808-1c3e-43c3-8a54-aeb8afd38747,[ТМ] Полимер,SQL1CPLMR
1,1,41541f14-e96e-455c-ac92-5347cb882878,17f758ed-acec-40dd-9022-cec548a56ed3,[ТД] Электропривод,PLOTD17
1,1,05044306-aea9-4de3-a33e-4666b9b44e73,17f758ed-acec-40dd-9022-cec548a56ed3,[ТД] Электропривод,OTD12PC52
1,1,c4bf16c9-c4b3-4926-bd4a-2ba8a9986434,3a7d74b5-ba66-4c71-a627-3746d5f66540,[ТМ] Прибор Голембиовского,GRISHINA428
1,1,92aaa784-797c-449b-8607-103a09c8f02f,a551cc84-0c62-48ae-941d-6c1b2e368b27,[ТМ] ХЗ Планта,PE4
1,1,a8a79357-f899-4e1d-9aa9-68d7c281999f,a551cc84-0c62-48ae-941d-6c1b2e368b27,[ТМ] ХЗ Планта,SK2
1,1,3c55ac42-7360-467d-8fab-6348f433c4db,17f758ed-acec-40dd-9022-cec548a56ed3,[ТД] Электропривод,KBR02
