﻿Затронутые активы
2025-04-01T00:00:00+03:00 - 2025-04-24T15:53:01+03:00
[ТД] МПО Румянцева

frequency,tenantID,tenantName,id,displayName,criticality
3,435de520-6641-4c42-b0f0-20e5e4267a23,[ТД] МПО Румянцева,471a45a4-15ef-44d9-ab4b-3a69e5a00584,MA-WS-15-017,1
3,435de520-6641-4c42-b0f0-20e5e4267a23,[ТД] МПО Румянцева,8a1b0bc1-d5e3-4586-88d5-11c8d2150af3,MR-WS-12-044,1
2,435de520-6641-4c42-b0f0-20e5e4267a23,[ТД] МПО Румянцева,b17132ea-db7a-4a3a-94f7-bcd8f55fcbea,CEH30-41,1
2,435de520-6641-4c42-b0f0-20e5e4267a23,[ТД] МПО Румянцева,1a99ee9a-f559-4c80-800a-e7d3a4b67293,CEH30-52,1
2,435de520-6641-4c42-b0f0-20e5e4267a23,[ТД] МПО Румянцева,9bfe5ae4-7969-47f4-b0c4-bb1a4b14bc54,CEH43-2,1
2,435de520-6641-4c42-b0f0-20e5e4267a23,[ТД] МПО Румянцева,a4082395-a541-4aac-822e-11e2ee30340e,MA-WS-04-003,1
2,435de520-6641-4c42-b0f0-20e5e4267a23,[ТД] МПО Румянцева,38ddd474-0699-47c0-81fa-ddfc45258a16,MA-WS-15-026,1
2,435de520-6641-4c42-b0f0-20e5e4267a23,[ТД] МПО Румянцева,0f243e92-e772-4f60-866c-4d14b2160874,MD-WS-044-002,1
2,435de520-6641-4c42-b0f0-20e5e4267a23,[ТД] МПО Румянцева,0ba9b860-0fa5-4562-bd9d-04a82c39fed9,MD-WS-44-003,1
2,435de520-6641-4c42-b0f0-20e5e4267a23,[ТД] МПО Румянцева,2225e761-f8f7-4b1a-b4a5-904555739a4f,ML-WS-19-009,1
2,435de520-6641-4c42-b0f0-20e5e4267a23,[ТД] МПО Румянцева,9cd27579-7138-4787-b817-f8c30ee49e57,ML-WS-32-013,1
2,435de520-6641-4c42-b0f0-20e5e4267a23,[ТД] МПО Румянцева,d928192a-927b-4458-93e5-1eec2ffcca9e,MR-WS-06-008,1
2,435de520-6641-4c42-b0f0-20e5e4267a23,[ТД] МПО Румянцева,560fd487-0637-472a-b726-3b29672fdbc8,MR-WS-26-003,1
2,435de520-6641-4c42-b0f0-20e5e4267a23,[ТД] МПО Румянцева,df6e47bf-f72b-4cbd-a92d-18ce30da3eb4,MR-WS-37-003,1
2,435de520-6641-4c42-b0f0-20e5e4267a23,[ТД] МПО Румянцева,c08d61ed-47c7-46a5-894c-2bfc12d5f5c9,MR-WS-61-026,1
2,435de520-6641-4c42-b0f0-20e5e4267a23,[ТД] МПО Румянцева,6a3f0271-9d01-4b95-8a5b-ec6f57acb01d,MR-WS-62-003,1
1,435de520-6641-4c42-b0f0-20e5e4267a23,[ТД] МПО Румянцева,115c0e7f-0b76-4cc4-942f-755b58a77a02,INO-8,1
1,435de520-6641-4c42-b0f0-20e5e4267a23,[ТД] МПО Румянцева,eb9e38b9-fc1b-49d4-a5e4-e0f145c1fc8c,MA-WS-04-004,1
1,435de520-6641-4c42-b0f0-20e5e4267a23,[ТД] МПО Румянцева,018b6bea-944c-4d0c-bc9b-f82a5901668f,MA-WS-04-005,1
1,435de520-6641-4c42-b0f0-20e5e4267a23,[ТД] МПО Румянцева,1e2f09e1-8952-4d95-9f3d-fb8c2f54de2b,MA-WS-04-006,1
1,435de520-6641-4c42-b0f0-20e5e4267a23,[ТД] МПО Румянцева,f5991fe9-242c-4f1f-9e02-4a885f60198d,MA-WS-15-010,1
1,435de520-6641-4c42-b0f0-20e5e4267a23,[ТД] МПО Румянцева,9f5881ca-0d23-48aa-9281-2c77ea8717eb,MA-WS-15-015,1
1,435de520-6641-4c42-b0f0-20e5e4267a23,[ТД] МПО Румянцева,b1dab534-3bb0-4545-93a5-183f7fb928fd,MA-WS-15-028,1
1,435de520-6641-4c42-b0f0-20e5e4267a23,[ТД] МПО Румянцева,a3c47bac-b886-4186-b03a-83cc9c20f817,MA-WS-30-001,1
1,435de520-6641-4c42-b0f0-20e5e4267a23,[ТД] МПО Румянцева,2c4fa85b-18a7-49aa-803c-0ddb6b0dc31b,MA-WS-30-005,1
1,435de520-6641-4c42-b0f0-20e5e4267a23,[ТД] МПО Румянцева,4d145452-ebf9-4cdb-9cfb-9742a00fa28a,MA-WS-30-006,1
1,435de520-6641-4c42-b0f0-20e5e4267a23,[ТД] МПО Румянцева,f5cbd6d0-5b74-47b2-8f7b-2eca3a1f9a73,MA-WS-54-001,1
1,435de520-6641-4c42-b0f0-20e5e4267a23,[ТД] МПО Румянцева,1dc8d0cd-684e-46d0-9b00-a5e3732cf818,MD-WS-37-001,1
1,435de520-6641-4c42-b0f0-20e5e4267a23,[ТД] МПО Румянцева,52002598-baab-4ed6-9ceb-14a56a4094f4,MD-WS-44-004,1
1,435de520-6641-4c42-b0f0-20e5e4267a23,[ТД] МПО Румянцева,f64afdd0-a081-4cc9-a438-6d4cefca7a1b,MD-WS-50-003,1
1,435de520-6641-4c42-b0f0-20e5e4267a23,[ТД] МПО Румянцева,4e75ec98-c342-4ac5-b411-8d1e956eceef,MD-WS-61-001,1
1,435de520-6641-4c42-b0f0-20e5e4267a23,[ТД] МПО Румянцева,601b794d-5549-4382-b24d-48a4a6aac4ba,MD-WS-D02-001,1
1,435de520-6641-4c42-b0f0-20e5e4267a23,[ТД] МПО Румянцева,c3d71654-b8b3-4c0c-b74b-d2d2ea13aaf9,ML-WS-26-004,1
1,435de520-6641-4c42-b0f0-20e5e4267a23,[ТД] МПО Румянцева,ce23e63f-4f5f-4dfd-9ab1-0d4cfcd26a17,ML-WS-30-016,1
1,435de520-6641-4c42-b0f0-20e5e4267a23,[ТД] МПО Румянцева,4c88b85f-38e1-4203-b8fe-98eb345b759d,ML-WS-31-001,1
1,435de520-6641-4c42-b0f0-20e5e4267a23,[ТД] МПО Румянцева,3cdf190e-ee0d-4321-95fe-eac8315feff0,ML-WS-31-002,1
1,435de520-6641-4c42-b0f0-20e5e4267a23,[ТД] МПО Румянцева,9eee8f0d-8d5b-4462-9c30-3bd0d8eaf392,ML-WS-31-006,1
1,435de520-6641-4c42-b0f0-20e5e4267a23,[ТД] МПО Румянцева,ef4b64b4-e602-43ae-82d1-edd15d692036,ML-WS-31-007,1
1,435de520-6641-4c42-b0f0-20e5e4267a23,[ТД] МПО Румянцева,3e1d3211-3ce7-4b5f-8d65-534a5d145e7b,ML-WS-31-017,1
1,435de520-6641-4c42-b0f0-20e5e4267a23,[ТД] МПО Румянцева,46a55143-43d3-4375-bffe-345f0d4e27ba,ML-WS-32-004,1
1,435de520-6641-4c42-b0f0-20e5e4267a23,[ТД] МПО Румянцева,40e028a6-eede-4852-a30c-e9d195f72ddd,ML-WS-32-010,1
1,435de520-6641-4c42-b0f0-20e5e4267a23,[ТД] МПО Румянцева,964954a3-f269-4553-8af7-e5506e3e3dbc,ML-WS-32-011,1
1,435de520-6641-4c42-b0f0-20e5e4267a23,[ТД] МПО Румянцева,ca4ab755-8b80-4120-ab07-a230bd15172a,ML-WS-32-014,1
1,435de520-6641-4c42-b0f0-20e5e4267a23,[ТД] МПО Румянцева,a3d4cb8b-db7e-43eb-80f0-e1446a0a67cd,ML-WS-33-001,1
1,435de520-6641-4c42-b0f0-20e5e4267a23,[ТД] МПО Румянцева,27f0f8c2-3e98-4aa6-9a10-6f56373a24d4,ML-WS-33-011,1
1,435de520-6641-4c42-b0f0-20e5e4267a23,[ТД] МПО Румянцева,55b698d0-4af9-45c4-ad8f-83f6b02b16b7,ML-WS-34-004,1
1,435de520-6641-4c42-b0f0-20e5e4267a23,[ТД] МПО Румянцева,be4fb41f-f143-4258-a68e-ba7a5c918d15,ML-WS-34-005,1
1,435de520-6641-4c42-b0f0-20e5e4267a23,[ТД] МПО Румянцева,897543d9-583c-403c-a212-a1647e9e0ab5,ML-WS-35-001,1
1,435de520-6641-4c42-b0f0-20e5e4267a23,[ТД] МПО Румянцева,699af4a9-16ad-4c74-a0e2-1225af6a4394,ML-WS-37-005,1
1,435de520-6641-4c42-b0f0-20e5e4267a23,[ТД] МПО Румянцева,4295ec83-131e-4601-bdde-15b66f454a24,ML-WS-41-004,1
1,435de520-6641-4c42-b0f0-20e5e4267a23,[ТД] МПО Румянцева,30d834ae-c039-452f-8022-c315324be21d,ML-WS-41-005,1
1,435de520-6641-4c42-b0f0-20e5e4267a23,[ТД] МПО Румянцева,501a7ba8-1a85-4d03-b832-31a2532c1f9e,ML-WS-41-006,1
1,435de520-6641-4c42-b0f0-20e5e4267a23,[ТД] МПО Румянцева,0dbdb329-54e2-480d-a45e-4793e1b395e8,ML-WS-61-001,1
1,435de520-6641-4c42-b0f0-20e5e4267a23,[ТД] МПО Румянцева,a95e11bc-1ee9-4e89-bb3d-21a18c01d7fc,ML-WS-61-008,1
1,435de520-6641-4c42-b0f0-20e5e4267a23,[ТД] МПО Румянцева,669f703b-93ae-44d6-bf54-122fd81e6ab8,ML-WS-61-012,1
1,435de520-6641-4c42-b0f0-20e5e4267a23,[ТД] МПО Румянцева,9e5bd1fc-5fd7-48e8-8944-ad48005d9f99,ML-WS-61-014,1
1,435de520-6641-4c42-b0f0-20e5e4267a23,[ТД] МПО Румянцева,a4183c5f-79b1-46e7-9849-95575fca1084,ML-WS-61-016,1
1,435de520-6641-4c42-b0f0-20e5e4267a23,[ТД] МПО Румянцева,3cdb1158-3511-44ca-a6d4-b1d474dc4486,ML-WS-61-021,1
1,435de520-6641-4c42-b0f0-20e5e4267a23,[ТД] МПО Румянцева,b3246c4b-fcce-495e-b1e7-6204be358054,ML-WS-77-004,1
1,435de520-6641-4c42-b0f0-20e5e4267a23,[ТД] МПО Румянцева,7ddbabdd-4bdd-4f08-94dd-df727e871253,ML-WS-D02-001,1
1,435de520-6641-4c42-b0f0-20e5e4267a23,[ТД] МПО Румянцева,11b50bb3-6326-461a-8326-13539e3af53e,ML-WS-D16-001,1
1,435de520-6641-4c42-b0f0-20e5e4267a23,[ТД] МПО Румянцева,e0aa0e68-9d9a-4551-860e-7d1de46d5744,ML-WS-SCUD-001,1
1,435de520-6641-4c42-b0f0-20e5e4267a23,[ТД] МПО Румянцева,5fc33052-a1ee-44ab-b534-7dd9523a2197,ML-WS-T41-003,1
1,435de520-6641-4c42-b0f0-20e5e4267a23,[ТД] МПО Румянцева,f9af40d2-fe45-4897-ab85-0b9b092070ab,MR-WS-05-002,1
1,435de520-6641-4c42-b0f0-20e5e4267a23,[ТД] МПО Румянцева,d79a7098-3a53-4e46-9bdd-c54a8a7f8044,MR-WS-05-010,1
1,435de520-6641-4c42-b0f0-20e5e4267a23,[ТД] МПО Румянцева,3d7fad6a-2c55-48a6-b629-b1e2f3e323eb,MR-WS-06-012,1
1,435de520-6641-4c42-b0f0-20e5e4267a23,[ТД] МПО Румянцева,badaa3f3-aa88-4f7a-b90a-9bce5d5269bc,MR-WS-09-003,1
1,435de520-6641-4c42-b0f0-20e5e4267a23,[ТД] МПО Румянцева,2d59da0d-6f43-420c-95e7-94046209f994,MR-WS-09-004,1
1,435de520-6641-4c42-b0f0-20e5e4267a23,[ТД] МПО Румянцева,9fb6f885-8908-4218-be25-8002b1dedf9c,MR-WS-10-018,1
1,435de520-6641-4c42-b0f0-20e5e4267a23,[ТД] МПО Румянцева,c6b808fe-613a-4da8-b63f-732baff7a69a,MR-WS-10-020,1
1,435de520-6641-4c42-b0f0-20e5e4267a23,[ТД] МПО Румянцева,6862ee1c-96fd-4ecd-ae96-84854b1edf00,MR-WS-10-021,1
1,435de520-6641-4c42-b0f0-20e5e4267a23,[ТД] МПО Румянцева,7c580816-2786-4302-b4d9-df8107a88c7d,MR-WS-10-023,1
1,435de520-6641-4c42-b0f0-20e5e4267a23,[ТД] МПО Румянцева,b4632f6a-c833-4758-90b4-2763f6fa76ca,MR-WS-10-024,1
1,435de520-6641-4c42-b0f0-20e5e4267a23,[ТД] МПО Румянцева,0828bbfd-fbb8-443d-933d-0d1a02c92aa5,MR-WS-10-029,1
1,435de520-6641-4c42-b0f0-20e5e4267a23,[ТД] МПО Румянцева,8d664c91-ebf6-4e3d-aee1-9ebdb5f52895,MR-WS-10-032,1
1,435de520-6641-4c42-b0f0-20e5e4267a23,[ТД] МПО Румянцева,4aed5cbc-2a04-4508-8dc6-091cfe0ee4af,MR-WS-11-004,1
1,435de520-6641-4c42-b0f0-20e5e4267a23,[ТД] МПО Румянцева,2dc6c8a3-ae15-46b4-b4ea-3f52a05658fc,MR-WS-12-010,1
1,435de520-6641-4c42-b0f0-20e5e4267a23,[ТД] МПО Румянцева,5904225b-ae3e-4c27-aa9d-49807a2e0260,MR-WS-12-014,1
1,435de520-6641-4c42-b0f0-20e5e4267a23,[ТД] МПО Румянцева,a4ce225f-3cac-490c-ba4d-1fc2468babe6,MR-WS-12-034,1
1,435de520-6641-4c42-b0f0-20e5e4267a23,[ТД] МПО Румянцева,7a2b9e95-a998-4e95-a0bf-b6379644ad67,MR-WS-12-036,1
1,435de520-6641-4c42-b0f0-20e5e4267a23,[ТД] МПО Румянцева,1447c69c-2f39-4744-9f8e-739844166619,MR-WS-12-039,1
1,435de520-6641-4c42-b0f0-20e5e4267a23,[ТД] МПО Румянцева,060cc641-388c-4da1-88d3-a3d6ed4d5ebe,MR-WS-12-040,1
1,435de520-6641-4c42-b0f0-20e5e4267a23,[ТД] МПО Румянцева,92601956-960d-4503-b45e-bba4d6e69713,MR-WS-12-041,1
1,435de520-6641-4c42-b0f0-20e5e4267a23,[ТД] МПО Румянцева,04b98b4a-6a9c-4e3c-9c9f-11e037fe1dfe,MR-WS-12-045,1
1,435de520-6641-4c42-b0f0-20e5e4267a23,[ТД] МПО Румянцева,a584c25a-eab0-418c-b204-8f9d0f012e03,MR-WS-12-046,1
1,435de520-6641-4c42-b0f0-20e5e4267a23,[ТД] МПО Румянцева,76ca3ba2-90df-4d70-abae-d7e7fb37ddf6,MR-WS-12-048,1
1,435de520-6641-4c42-b0f0-20e5e4267a23,[ТД] МПО Румянцева,13ff1ed2-af06-404e-b7a3-56eb276963a2,MR-WS-16-003,1
1,435de520-6641-4c42-b0f0-20e5e4267a23,[ТД] МПО Румянцева,cd59d2c1-34de-419a-93f3-b89ffd9b284b,MR-WS-16-013,1
1,435de520-6641-4c42-b0f0-20e5e4267a23,[ТД] МПО Румянцева,e03caa75-5dbb-4d86-8140-0fba7b9b3e8d,MR-WS-20-003,1
1,435de520-6641-4c42-b0f0-20e5e4267a23,[ТД] МПО Румянцева,8cbdc7c5-9680-4c85-846a-777b3997676c,MR-WS-20-024,1
1,435de520-6641-4c42-b0f0-20e5e4267a23,[ТД] МПО Румянцева,bf52588c-1897-47a4-8bf6-012eceb5a89f,MR-WS-26-001,1
1,435de520-6641-4c42-b0f0-20e5e4267a23,[ТД] МПО Румянцева,e32984f5-dd66-4450-9f30-d26394de157e,MR-WS-30-013,1
1,435de520-6641-4c42-b0f0-20e5e4267a23,[ТД] МПО Румянцева,20831247-0632-468b-a23b-80528e7318a1,MR-WS-30-017,1
1,435de520-6641-4c42-b0f0-20e5e4267a23,[ТД] МПО Румянцева,85856db5-9984-4dec-985a-964432d0f2a0,MR-WS-32-002,1
1,435de520-6641-4c42-b0f0-20e5e4267a23,[ТД] МПО Румянцева,235fd561-d401-4f40-bd69-b34a0eada1b4,MR-WS-44-001,1
1,435de520-6641-4c42-b0f0-20e5e4267a23,[ТД] МПО Румянцева,1dc5628f-3ad7-45d1-b5d8-3e6e7783d8bb,MR-WS-61-003,1
1,435de520-6641-4c42-b0f0-20e5e4267a23,[ТД] МПО Румянцева,2e3a2183-acd1-4ff6-b9a1-e8da6ef9c82e,MR-WS-61-004,1
1,435de520-6641-4c42-b0f0-20e5e4267a23,[ТД] МПО Румянцева,3486b03d-7118-4600-bab4-762d15309983,MR-WS-61-007,1
1,435de520-6641-4c42-b0f0-20e5e4267a23,[ТД] МПО Румянцева,e1f5110b-5dc6-47a3-9e73-d36e0fa60c7b,MR-WS-61-009,1
1,435de520-6641-4c42-b0f0-20e5e4267a23,[ТД] МПО Румянцева,c08b44b6-7304-4a6e-ba5c-a55857e77b3f,MR-WS-61-014,1
1,435de520-6641-4c42-b0f0-20e5e4267a23,[ТД] МПО Румянцева,e726bbab-18b4-439a-bde3-a6ce03d7596e,MR-WS-61-018,1
1,435de520-6641-4c42-b0f0-20e5e4267a23,[ТД] МПО Румянцева,f22ceb44-8d9e-47a9-a535-3bef55c64ff9,MR-WS-61-020,1
1,435de520-6641-4c42-b0f0-20e5e4267a23,[ТД] МПО Румянцева,f1cc6ba5-b403-478c-a8d4-066afc4e0ac5,MR-WS-61-024,1
1,435de520-6641-4c42-b0f0-20e5e4267a23,[ТД] МПО Румянцева,ae260d48-f9e3-4239-bee6-a8044011b9f1,MR-WS-61-031,1
1,435de520-6641-4c42-b0f0-20e5e4267a23,[ТД] МПО Румянцева,8a2cea8e-868d-427c-b6af-4122ab7ec295,MR-WS-61-032,1
1,435de520-6641-4c42-b0f0-20e5e4267a23,[ТД] МПО Румянцева,7d23f6bb-3411-403e-a853-9afdd445dfbd,MR-WS-65-002,1
1,435de520-6641-4c42-b0f0-20e5e4267a23,[ТД] МПО Румянцева,64a6aae8-ea9c-48cf-b0dd-026e8edcf85e,MR-WS-65-006,1
1,435de520-6641-4c42-b0f0-20e5e4267a23,[ТД] МПО Румянцева,244f33e0-31ec-4ed7-a56d-e1e7367e9aba,MR-WS-75-001,1
1,435de520-6641-4c42-b0f0-20e5e4267a23,[ТД] МПО Румянцева,addfa003-36ca-499f-bcea-1ff5fbd4e6a2,MR-WS-77-009,1
1,435de520-6641-4c42-b0f0-20e5e4267a23,[ТД] МПО Румянцева,ed815681-0f4e-4cda-b7e3-6815f5aedce3,MR-WS-D01-003,1
1,435de520-6641-4c42-b0f0-20e5e4267a23,[ТД] МПО Румянцева,c9a8baf5-e539-4a47-a01d-16159130e157,MR-WS-D02-001,1
1,435de520-6641-4c42-b0f0-20e5e4267a23,[ТД] МПО Румянцева,e1e34a06-a2ab-46b4-907b-477325ada744,MR-WS-D15-005,1
1,435de520-6641-4c42-b0f0-20e5e4267a23,[ТД] МПО Румянцева,0de1fc41-c385-47ec-acff-acb5a9c01268,MR-WS-D18-002,1
1,435de520-6641-4c42-b0f0-20e5e4267a23,[ТД] МПО Румянцева,af44dc0a-7fa8-42cc-8c57-458aa962c117,MR-WS-SKLADIT,1
1,435de520-6641-4c42-b0f0-20e5e4267a23,[ТД] МПО Румянцева,732d09f8-1b8d-47d8-8926-ba7d2e666f34,OGK2-44,1
1,435de520-6641-4c42-b0f0-20e5e4267a23,[ТД] МПО Румянцева,62adcb84-2cce-4acd-9a18-0b58f77be2e2,PR-OTDEL-2,1
1,435de520-6641-4c42-b0f0-20e5e4267a23,[ТД] МПО Румянцева,6817a9f4-ae71-468a-bc09-3be58efe7594,UIT-8,1
1,435de520-6641-4c42-b0f0-20e5e4267a23,[ТД] МПО Румянцева,bd308180-9620-4126-9e18-5a23ba979ed7,UPE-4,1
1,435de520-6641-4c42-b0f0-20e5e4267a23,[ТД] МПО Румянцева,4abf2ca1-e5c9-47a7-a0b2-7ae5f6364a59,mr-ws-12-047.rum.mpo,1
