﻿Последние 10 алертов
2025-04-01T00:00:00+03:00 - 2025-04-24T15:53:01+03:00
[ТД] МПО Румянцева

userName,severity,tenantID,correlationRuleName,status,tenantName,firstSeen,name,priority,id
Руслан Яргаев,Medium,435de520-6641-4c42-b0f0-20e5e4267a23,R083_Обнаружены следы использования нежелательных утилит,In incident,[ТД] МПО Румянцева,2025-04-23T13:36:06+03:00,R083_Обнаружены следы использования нежелательных утилит,2,c0454d9e-08b0-4614-a50a-1bf3c2e6485e
,High,435de520-6641-4c42-b0f0-20e5e4267a23,R084_Использование ПО для удаленного администрирования,New,[ТД] МПО Румянцева,2025-04-21T11:32:54+03:00,R084_Использование ПО для удаленного администрирования,3,28a288b7-8b7e-41ec-9a73-918e314051bf
,Medium,435de520-6641-4c42-b0f0-20e5e4267a23,R110_Использование подозрительных опций в командах PowerShell,New,[ТД] МПО Румянцева,2025-04-18T16:44:42+03:00,R110_Использование подозрительных опций в командах PowerShell,2,1313abf3-e76c-47ac-9826-9951a2d5e675
,High,435de520-6641-4c42-b0f0-20e5e4267a23,R071_Получен доступ к ADMIN$,New,[ТД] МПО Румянцева,2025-04-18T15:50:13+03:00,R071_Получен доступ к ADMIN$,3,8e5118af-fbf2-4e8f-8a34-3a5bca2116f8
,Medium,435de520-6641-4c42-b0f0-20e5e4267a23,R423_Подозрительный процесс компиляции файла,New,[ТД] МПО Румянцева,2025-04-18T15:13:15+03:00,R423_Подозрительный процесс компиляции файла,2,e7abe0c3-d9bd-4b79-8865-88f2dbb6132f
,High,435de520-6641-4c42-b0f0-20e5e4267a23,R296_Подозрительные аргументы при запуске системной утилиты,New,[ТД] МПО Румянцева,2025-04-18T13:18:09+03:00,R296_Подозрительные аргументы при запуске системной утилиты,3,de4e23d8-2359-46a6-9ec5-ce2995433aea
,Low,435de520-6641-4c42-b0f0-20e5e4267a23,R351_Подозрение на фишинг при создании подозрительного файла,New,[ТД] МПО Румянцева,2025-04-18T10:44:54+03:00,R351_Подозрение на фишинг при создании подозрительного файла,1,3750f582-6790-4b8c-ba62-49ee1e671662
Александра Зейферт,High,435de520-6641-4c42-b0f0-20e5e4267a23,R071_Получен доступ к ADMIN$,In incident,[ТД] МПО Румянцева,2025-04-14T13:41:34+03:00,R071_Получен доступ к ADMIN$,3,de147bb8-8874-4249-ba88-2cc5904c3f37
,Low,435de520-6641-4c42-b0f0-20e5e4267a23,R415_Изменение настроек питания,New,[ТД] МПО Румянцева,2025-04-09T10:22:22+03:00,R415_Изменение настроек питания,1,4d45e87d-6613-44f0-acb9-c367afe8807d
,Low,435de520-6641-4c42-b0f0-20e5e4267a23,R224_Сбор информации о системе,New,[ТД] МПО Румянцева,2025-04-07T22:30:01+03:00,R224_Сбор информации о системе,1,dfdd8fef-37dd-4365-b94e-01595858bb14
