﻿Последние инциденты
2025-04-01T00:00:00+03:00 - 2025-04-24T15:53:01+03:00
[ТД] МПО Румянцева

name,priority,status,id,severity,tenantName,tenantID,createdAt
R083_Обнаружены следы использования нежелательных утилит,2,1,INC-408,Medium,[ТД] МПО Румянцева,435de520-6641-4c42-b0f0-20e5e4267a23,2025-04-23T14:12:52+03:00
R224_Сбор информации о системе,1,1,INC-390,Low,[ТД] МПО Румянцева,435de520-6641-4c42-b0f0-20e5e4267a23,2025-04-07T16:44:09+03:00
