﻿Последние 10 алертов
2025-04-01T00:00:00+03:00 - 2025-04-24T15:58:23+03:00
[ТД] УАПО

tenantName,severity,firstSeen,correlationRuleName,userName,id,status,priority,tenantID,name
[ТД] УАПО,Medium,2025-04-24T14:28:38+03:00,R078_Обнаружено большое количество вредоносных объектов на одном хосте,Руслан Яргаев,1931d7bc-332f-4011-b6d9-6ec79506df95,In progress,2,157ef54a-c050-43ec-9771-81b705998d10,R078_Обнаружено большое количество вредоносных объектов на одном хосте
[ТД] УАПО,Medium,2025-04-24T13:03:57+03:00,R080_Всплеск заражений ВПО,Руслан Яргаев,485aa2d0-ac18-48f8-98c2-ad2684de065d,In progress,2,157ef54a-c050-43ec-9771-81b705998d10,R080_Всплеск заражений ВПО
