﻿Затронутые активы
2025-04-01T00:00:00+03:00 - 2025-04-24T16:01:48+03:00
[ТМ] Ново-Вятка

frequency,tenantID,tenantName,id,displayName,criticality
5,667acfc6-ee40-4ae5-9ea3-0523daa5cf13,[ТМ] Ново-Вятка,6f3f4826-2e7c-44cf-a041-34e61978883d,OIT-1,1
4,667acfc6-ee40-4ae5-9ea3-0523daa5cf13,[ТМ] Ново-Вятка,b33c5d28-f15c-40ad-a814-77120ee7b0be,SECR-1,1
4,667acfc6-ee40-4ae5-9ea3-0523daa5cf13,[ТМ] Ново-Вятка,aaea945c-2331-4273-8c1a-d6bf1af99f61,SPP-4,1
4,667acfc6-ee40-4ae5-9ea3-0523daa5cf13,[ТМ] Ново-Вятка,70b91e76-a77d-411a-960d-41833312d609,SRV-AD01,1
3,667acfc6-ee40-4ae5-9ea3-0523daa5cf13,[ТМ] Ново-Вятка,49d69ac9-76aa-435a-b81a-545a6e8b5f51,20-NACH,1
3,667acfc6-ee40-4ae5-9ea3-0523daa5cf13,[ТМ] Ново-Вятка,90023f60-8043-4827-b254-ed02e033f95f,33-TECH,1
2,667acfc6-ee40-4ae5-9ea3-0523daa5cf13,[ТМ] Ново-Вятка,f00ac8a5-e72e-461d-acd2-5e7782127511,11-ECON,1
2,667acfc6-ee40-4ae5-9ea3-0523daa5cf13,[ТМ] Ново-Вятка,ecea2f57-1939-48ae-80b2-58c4677e93db,406-3,1
2,667acfc6-ee40-4ae5-9ea3-0523daa5cf13,[ТМ] Ново-Вятка,7b9533d5-8b6c-43d4-855d-15ec77a89c7c,503-2,1
2,667acfc6-ee40-4ae5-9ea3-0523daa5cf13,[ТМ] Ново-Вятка,3b479616-0a6d-460b-9c5b-cb18da80a60b,6-2,1
2,667acfc6-ee40-4ae5-9ea3-0523daa5cf13,[ТМ] Ново-Вятка,020e671e-06be-43b4-8b75-7d6f0c744689,604-3,1
2,667acfc6-ee40-4ae5-9ea3-0523daa5cf13,[ТМ] Ново-Вятка,6f4775ae-84ef-4765-90f9-938b0072b977,612-2,1
2,667acfc6-ee40-4ae5-9ea3-0523daa5cf13,[ТМ] Ново-Вятка,7a759981-3c8e-41a0-acb8-66a9b9dcb7e1,9-MAST,1
2,667acfc6-ee40-4ae5-9ea3-0523daa5cf13,[ТМ] Ново-Вятка,fb352dd8-2bbf-47aa-bbd2-a32570355f83,CZL3,1
2,667acfc6-ee40-4ae5-9ea3-0523daa5cf13,[ТМ] Ново-Вятка,7e3464f8-dffc-452f-b0c1-161589498526,OERO-2,1
2,667acfc6-ee40-4ae5-9ea3-0523daa5cf13,[ТМ] Ново-Вятка,1b81652d-db05-47aa-a4fd-5b179bb2d202,PDO-4,1
2,667acfc6-ee40-4ae5-9ea3-0523daa5cf13,[ТМ] Ново-Вятка,b71e4779-09c3-434e-b3af-4bb62534101c,VP-7,1
1,667acfc6-ee40-4ae5-9ea3-0523daa5cf13,[ТМ] Ново-Вятка,a8ba7dd3-093f-48f9-b46d-25a41ad673c1,21_TEHNOL2,1
1,667acfc6-ee40-4ae5-9ea3-0523daa5cf13,[ТМ] Ново-Вятка,7811b798-71f2-49cd-8ee0-795fd09b2f7d,603-5,1
