﻿Последние 10 алертов
2025-04-01T00:00:00+03:00 - 2025-04-24T16:01:48+03:00
[ТМ] Ново-Вятка

priority,firstSeen,userName,correlationRuleName,name,tenantID,id,status,tenantName,severity
2,2025-04-24T12:55:19+03:00,Кирилл Бобров,R284_Создание исполняемых файлов в общедоступной директории (PowerShell),R284_Создание исполняемых файлов в общедоступной директории (PowerShell),667acfc6-ee40-4ae5-9ea3-0523daa5cf13,a28ce657-27be-42cb-9088-784161d9c006,In progress,[ТМ] Ново-Вятка,Medium
1,2025-04-24T12:17:06+03:00,,R223_Сбор информации о процессах,R223_Сбор информации о процессах,667acfc6-ee40-4ae5-9ea3-0523daa5cf13,c69afb2f-5ac0-4336-8643-76d40bf1ed2a,New,[ТМ] Ново-Вятка,Low
1,2025-04-24T06:56:09+03:00,,R224_Сбор информации о системе,R224_Сбор информации о системе,667acfc6-ee40-4ae5-9ea3-0523daa5cf13,afdee006-6176-4d0c-b755-529651c8a5dd,New,[ТМ] Ново-Вятка,Low
1,2025-04-23T16:01:33+03:00,,R058_Локальная учетная запись была создана подозрительным пользователем,R058_Локальная учетная запись была создана подозрительным пользователем,667acfc6-ee40-4ae5-9ea3-0523daa5cf13,2a7bad93-eb16-4a48-8819-d4ba3edbf0c5,New,[ТМ] Ново-Вятка,Low
1,2025-04-23T15:17:34+03:00,,R225_Подозрительный доступ к данным веб-браузера,R225_Подозрительный доступ к данным веб-браузера,667acfc6-ee40-4ae5-9ea3-0523daa5cf13,938c75d4-79b2-4d32-97ca-81922421885d,New,[ТМ] Ново-Вятка,Low
1,2025-04-23T15:10:14+03:00,,R350_Подозрительная активность приложения MS Office,R350_Подозрительная активность приложения MS Office,667acfc6-ee40-4ae5-9ea3-0523daa5cf13,c59c34a8-7fa5-435f-b770-ce1305e71464,New,[ТМ] Ново-Вятка,Low
2,2025-04-22T21:44:54+03:00,,R205_Обнаружен новый DNS сервер,R205_Обнаружен новый DNS сервер,667acfc6-ee40-4ae5-9ea3-0523daa5cf13,3c01a74b-561f-458a-b4e3-d3c95b06f812,New,[ТМ] Ново-Вятка,Medium
1,2025-04-04T11:46:41+03:00,,R220_Сбор информации об учетных записях,R220_Сбор информации об учетных записях,667acfc6-ee40-4ae5-9ea3-0523daa5cf13,624bdb61-2a00-4f09-9b23-d63dcbdd8564,New,[ТМ] Ново-Вятка,Low
3,2025-04-02T12:53:42+03:00,,R084_Использование ПО для удаленного администрирования,R084_Использование ПО для удаленного администрирования,667acfc6-ee40-4ae5-9ea3-0523daa5cf13,aed2c5bc-b58e-47de-812c-455d3e5a97a4,New,[ТМ] Ново-Вятка,High
