﻿Последние 10 алертов
2025-04-01T00:00:00+03:00 - 2025-04-24T16:06:09+03:00
[СХ] ГосНИИ Кристалл

tenantID,status,userName,tenantName,severity,name,priority,firstSeen,id,correlationRuleName
6d71a0ab-a09e-4897-a0ad-650b1533ea3c,New,,[СХ] ГосНИИ Кристалл,High,"R288_Манипуляции с файлами, имеющими нестандартные расширения",3,2025-04-24T15:48:31+03:00,8dd2b2d6-f6fd-4138-a613-5b97477b7577,"R288_Манипуляции с файлами, имеющими нестандартные расширения"
6d71a0ab-a09e-4897-a0ad-650b1533ea3c,New,,[СХ] ГосНИИ Кристалл,Medium,R077_Обнаружено вредоносное ПО,2,2025-04-23T16:55:59+03:00,dea3eab7-cd75-4f07-a356-3f0b19241483,R077_Обнаружено вредоносное ПО
6d71a0ab-a09e-4897-a0ad-650b1533ea3c,New,,[СХ] ГосНИИ Кристалл,Low,R055_Изменение группы в ОС Windows подозрительным пользователем,1,2025-04-23T16:11:54+03:00,d865f655-0838-4e61-8fed-d6d3240a6887,R055_Изменение группы в ОС Windows подозрительным пользователем
6d71a0ab-a09e-4897-a0ad-650b1533ea3c,New,,[СХ] ГосНИИ Кристалл,Low,R059_Большое количество манипуляций с учетными записями за короткий промежуток времени,1,2025-04-22T11:08:31+03:00,8877fbbc-e6b2-4b5c-a53f-36b37fcf9b48,R059_Большое количество манипуляций с учетными записями за короткий промежуток времени
6d71a0ab-a09e-4897-a0ad-650b1533ea3c,New,,[СХ] ГосНИИ Кристалл,Low,R003_Удаленный вход под учетной записью локального администратора,1,2025-04-18T14:48:40+03:00,443149e8-25d7-47db-95d3-7658e19635e0,R003_Удаленный вход под учетной записью локального администратора
6d71a0ab-a09e-4897-a0ad-650b1533ea3c,New,,[СХ] ГосНИИ Кристалл,Low,R035_Возможный подбор пароля методом перебора учетных записей,1,2025-04-18T11:09:50+03:00,62f20eda-002e-4811-9585-5c2adfec6607,R035_Возможный подбор пароля методом перебора учетных записей
6d71a0ab-a09e-4897-a0ad-650b1533ea3c,New,,[СХ] ГосНИИ Кристалл,Low,R058_Локальная учетная запись была создана подозрительным пользователем,1,2025-04-09T12:28:32+03:00,58413e80-c879-4ecf-8f9b-188541ac44a7,R058_Локальная учетная запись была создана подозрительным пользователем
6d71a0ab-a09e-4897-a0ad-650b1533ea3c,New,,[СХ] ГосНИИ Кристалл,Low,R224_Сбор информации о системе,1,2025-04-09T03:05:16+03:00,0c8c211e-e602-4a64-b1bf-1c0f4eea09a7,R224_Сбор информации о системе
6d71a0ab-a09e-4897-a0ad-650b1533ea3c,New,,[СХ] ГосНИИ Кристалл,High,R293_Аномальное дерево процессов для Windows,3,2025-04-08T12:02:17+03:00,de5e5928-8a7e-4f8e-936a-6ed2ce1c7a4b,R293_Аномальное дерево процессов для Windows
6d71a0ab-a09e-4897-a0ad-650b1533ea3c,New,,[СХ] ГосНИИ Кристалл,Low,R152_Запущенный процесс имеет подозрительный родительский процесс,1,2025-04-08T06:25:05+03:00,b4682969-5057-4ba7-af77-e2002a44cfbf,R152_Запущенный процесс имеет подозрительный родительский процесс
