﻿Затронутые активы
2025-04-01T00:00:00+03:00 - 2025-04-24T15:44:09+03:00
Технодинамика

tenantName,id,displayName,criticality,frequency,tenantID
Технодинамика,1203b96b-f25f-4a07-82d7-c1951d2c3e9e,DC-SR-FS02,1,1,21c166b9-62f0-4a97-9928-2059a1e20b1e
Технодинамика,e8d54eea-a791-41e8-86f3-06161f37c626,DC-SR-KES02,1,1,21c166b9-62f0-4a97-9928-2059a1e20b1e
Технодинамика,9873f37c-b987-485b-97f8-a48f494efdd0,NB-TS-006,1,1,21c166b9-62f0-4a97-9928-2059a1e20b1e
Технодинамика,853e7804-655b-49df-8dd8-1e27661ddc82,PC-TD-533,1,1,21c166b9-62f0-4a97-9928-2059a1e20b1e
Технодинамика,e71db2ee-dd3b-425f-bfba-193c6780fb87,TD-NB-050,1,1,21c166b9-62f0-4a97-9928-2059a1e20b1e
