﻿Последние 10 алертов
2025-04-01T00:00:00+03:00 - 2025-04-24T15:44:09+03:00
Технодинамика

correlationRuleName,status,id,name,severity,priority,userName,tenantName,tenantID,firstSeen
R219_Использование VPN портов,New,76fca02a-715a-4137-a5b5-6606a5e6056d,R219_Использование VPN портов,Medium,2,,Технодинамика,21c166b9-62f0-4a97-9928-2059a1e20b1e,2025-04-24T15:28:17+03:00
R080_Всплеск заражений ВПО,New,d374d6d0-5251-469c-9eed-eec74083fa8b,R080_Всплеск заражений ВПО,Medium,2,,Технодинамика,21c166b9-62f0-4a97-9928-2059a1e20b1e,2025-04-03T13:01:47+03:00
