﻿Затронутые активы
2025-04-01T00:00:00+03:00 - 2025-04-24T16:03:10+03:00
[ТМ] БХЗ 50-летия СССР

criticality,frequency,tenantID,tenantName,id,displayName
1,6,fa51c743-5ac0-4984-9a7d-a616587a3e7c,[ТМ] БХЗ 50-летия СССР,c11cdd9c-9122-4748-b850-753423205105,PERUN
1,5,fa51c743-5ac0-4984-9a7d-a616587a3e7c,[ТМ] БХЗ 50-летия СССР,cf4ad607-b9f9-4b35-9aac-83fc86c233ac,PC-SH-6
1,4,fa51c743-5ac0-4984-9a7d-a616587a3e7c,[ТМ] БХЗ 50-летия СССР,49c91d13-6db3-472b-a7cf-ca1ed4a53e4e,OMTS0
1,3,fa51c743-5ac0-4984-9a7d-a616587a3e7c,[ТМ] БХЗ 50-летия СССР,02f2dd77-3371-4f5b-af04-24c7c2ea983f,PC-OS-7
1,3,fa51c743-5ac0-4984-9a7d-a616587a3e7c,[ТМ] БХЗ 50-летия СССР,595d916a-95cb-451d-b53b-a13ec30e605e,PC-OUD-4
1,2,fa51c743-5ac0-4984-9a7d-a616587a3e7c,[ТМ] БХЗ 50-летия СССР,ac9b692d-b55e-4123-8ee4-7d4235e5019c,PC-KTO-43
1,2,fa51c743-5ac0-4984-9a7d-a616587a3e7c,[ТМ] БХЗ 50-летия СССР,d310ef70-f4e6-47ab-8815-5dde1d0f8c47,PC-PRO-2
1,2,fa51c743-5ac0-4984-9a7d-a616587a3e7c,[ТМ] БХЗ 50-летия СССР,dea5b7a9-4ae5-4106-9b60-aa64f41cf500,PC-TEST-3
1,2,fa51c743-5ac0-4984-9a7d-a616587a3e7c,[ТМ] БХЗ 50-летия СССР,a2f285a1-f6d3-4140-96d8-391081042def,STRIBOG
1,1,fa51c743-5ac0-4984-9a7d-a616587a3e7c,[ТМ] БХЗ 50-летия СССР,d36694be-dacb-4a14-b077-a6dd3f161553,KSC
1,1,fa51c743-5ac0-4984-9a7d-a616587a3e7c,[ТМ] БХЗ 50-летия СССР,985d0b45-c97c-4831-844b-34071b0a37e5,PC-11UCH-11
1,1,fa51c743-5ac0-4984-9a7d-a616587a3e7c,[ТМ] БХЗ 50-летия СССР,b921fca2-794e-4982-a8c8-8417c7787ac6,PC-IT-99
1,1,fa51c743-5ac0-4984-9a7d-a616587a3e7c,[ТМ] БХЗ 50-летия СССР,1e77b374-7602-417e-aba7-8d8a0c3d24a3,PC-KTO-33
1,1,fa51c743-5ac0-4984-9a7d-a616587a3e7c,[ТМ] БХЗ 50-летия СССР,61768fbb-84eb-4bea-b439-83210a66aa1b,VELES
