﻿Последние 10 алертов
2025-04-01T00:00:00+03:00 - 2025-04-24T16:03:10+03:00
[ТМ] БХЗ 50-летия СССР

severity,correlationRuleName,priority,tenantID,firstSeen,id,name,tenantName,status,userName
Medium,R077_Обнаружено вредоносное ПО,2,fa51c743-5ac0-4984-9a7d-a616587a3e7c,2025-04-22T12:25:51+03:00,ff9e5be3-cad7-4d82-b73a-627a519b5646,R077_Обнаружено вредоносное ПО,[ТМ] БХЗ 50-летия СССР,New,
Low,R055_Изменение группы в ОС Windows подозрительным пользователем,1,fa51c743-5ac0-4984-9a7d-a616587a3e7c,2025-04-18T16:24:43+03:00,e4fffe79-3df2-461f-9e91-6c1f1b577382,R055_Изменение группы в ОС Windows подозрительным пользователем,[ТМ] БХЗ 50-летия СССР,New,
Low,R035_Возможный подбор пароля методом перебора учетных записей,1,fa51c743-5ac0-4984-9a7d-a616587a3e7c,2025-04-18T13:06:25+03:00,82218fc3-4ff2-44a9-ac22-c905ab8bfc18,R035_Возможный подбор пароля методом перебора учетных записей,[ТМ] БХЗ 50-летия СССР,New,
High,R063_Добавление учетной записи в группу доменных или локальных администраторов,3,fa51c743-5ac0-4984-9a7d-a616587a3e7c,2025-04-11T11:21:01+03:00,ec6778eb-9bbf-4e74-8723-dc37e14114d5,R063_Добавление учетной записи в группу доменных или локальных администраторов,[ТМ] БХЗ 50-летия СССР,In progress,Александра Зейферт
Low,R109_Использование известных зловредных фреймворков для эксплуатации уязвимостей,1,fa51c743-5ac0-4984-9a7d-a616587a3e7c,2025-04-10T08:27:42+03:00,cdea6dfc-8977-45be-af39-84930b65c26b,R109_Использование известных зловредных фреймворков для эксплуатации уязвимостей,[ТМ] БХЗ 50-летия СССР,New,
Medium,R105_Подозрение на обфускацию кода с использованием спецсимволов,2,fa51c743-5ac0-4984-9a7d-a616587a3e7c,2025-04-09T11:25:00+03:00,8e821255-8314-4540-a817-1e57d7e9501d,R105_Подозрение на обфускацию кода с использованием спецсимволов,[ТМ] БХЗ 50-летия СССР,New,
High,R294_Обфускация команд PowerShell,3,fa51c743-5ac0-4984-9a7d-a616587a3e7c,2025-04-09T11:18:08+03:00,442ed5b1-ca09-4be8-8081-89d3d7ee96ae,R294_Обфускация команд PowerShell,[ТМ] БХЗ 50-летия СССР,New,
Low,R220_Сбор информации об учетных записях,1,fa51c743-5ac0-4984-9a7d-a616587a3e7c,2025-04-09T11:14:58+03:00,12916e3c-0586-4663-aa85-32fb552ea80e,R220_Сбор информации об учетных записях,[ТМ] БХЗ 50-летия СССР,New,
Medium,R107_Использование сжатия данных,2,fa51c743-5ac0-4984-9a7d-a616587a3e7c,2025-04-09T11:14:58+03:00,95133301-fbf0-4504-a340-15133e252687,R107_Использование сжатия данных,[ТМ] БХЗ 50-летия СССР,New,
Medium,R110_Использование подозрительных опций в командах PowerShell,2,fa51c743-5ac0-4984-9a7d-a616587a3e7c,2025-04-09T11:14:53+03:00,908c3977-60d6-4e09-8718-787ddcd67160,R110_Использование подозрительных опций в командах PowerShell,[ТМ] БХЗ 50-летия СССР,New,
