﻿Активы в инцидентах
2025-04-01T00:00:00+03:00 - 2025-04-24T16:01:16+03:00
[ТМ] ЛМЗ Либнехта

count,id,tenantID,tenantName,name,weight
1,16e0d98c-70d0-4418-b501-d9f30f5f7c90,3efe5164-daa7-4755-9de9-df93fcb4fca7,[ТМ] ЛМЗ Либнехта,pk0000014,1
1,e47b302d-0d2f-4916-b5fd-2503b808c297,3efe5164-daa7-4755-9de9-df93fcb4fca7,[ТМ] ЛМЗ Либнехта,PK0000248,1
1,2895c59e-7983-4af2-ac3a-dd63b1cc91d8,3efe5164-daa7-4755-9de9-df93fcb4fca7,[ТМ] ЛМЗ Либнехта,pk0000112,1
1,4b7ec295-93f0-4fff-a4e7-677ee7a77826,3efe5164-daa7-4755-9de9-df93fcb4fca7,[ТМ] ЛМЗ Либнехта,PK0000398,1
1,b321b0d2-4d81-4f5d-9cf4-7d6a8e8a47a6,3efe5164-daa7-4755-9de9-df93fcb4fca7,[ТМ] ЛМЗ Либнехта,PK0000397,1
1,eb69993c-8a6d-4ec4-ae5a-0818c58ead00,3efe5164-daa7-4755-9de9-df93fcb4fca7,[ТМ] ЛМЗ Либнехта,pk0000282,1
1,f8243685-f833-44cc-a432-fab2d1185e82,3efe5164-daa7-4755-9de9-df93fcb4fca7,[ТМ] ЛМЗ Либнехта,PK0000131,1
1,0017d58e-805e-4835-aa29-d000508e4100,3efe5164-daa7-4755-9de9-df93fcb4fca7,[ТМ] ЛМЗ Либнехта,pk0000027,1
1,8b86030c-b847-4aef-941e-bac07fc863e5,3efe5164-daa7-4755-9de9-df93fcb4fca7,[ТМ] ЛМЗ Либнехта,PK0000363,1
1,7fe09abb-0035-4220-9efb-a2c1dff26ad1,3efe5164-daa7-4755-9de9-df93fcb4fca7,[ТМ] ЛМЗ Либнехта,PK0000396,1
1,dc00d3a9-2144-426d-975f-bbf445c01869,3efe5164-daa7-4755-9de9-df93fcb4fca7,[ТМ] ЛМЗ Либнехта,PK0000140,1
1,55ef28d4-ce0c-4b4a-8d57-d4eb61705516,3efe5164-daa7-4755-9de9-df93fcb4fca7,[ТМ] ЛМЗ Либнехта,PK0000220,1
1,78efcd3d-d695-4f22-b925-961709b10552,3efe5164-daa7-4755-9de9-df93fcb4fca7,[ТМ] ЛМЗ Либнехта,PK0000146,1
1,e2f1fb8c-62a4-4565-8571-de75793021b0,3efe5164-daa7-4755-9de9-df93fcb4fca7,[ТМ] ЛМЗ Либнехта,pk0000178,1
1,23bcd557-0ddc-4084-ad5f-c0bc5a65d6d6,3efe5164-daa7-4755-9de9-df93fcb4fca7,[ТМ] ЛМЗ Либнехта,PK0000117,1
1,86623f9a-d1f8-4936-bd68-44fc4a1f301f,3efe5164-daa7-4755-9de9-df93fcb4fca7,[ТМ] ЛМЗ Либнехта,PK0000003,1
1,4e03bbf7-663c-4f25-80b5-7918909fb6a6,3efe5164-daa7-4755-9de9-df93fcb4fca7,[ТМ] ЛМЗ Либнехта,PK0000156,1
1,9a0a2264-c3a6-4722-b097-dbaed416bf36,3efe5164-daa7-4755-9de9-df93fcb4fca7,[ТМ] ЛМЗ Либнехта,KNV_TST_PWKS_1,1
