﻿Последние 10 алертов
2025-04-01T00:00:00+03:00 - 2025-04-24T16:01:16+03:00
[ТМ] ЛМЗ Либнехта

name,tenantName,tenantID,id,severity,correlationRuleName,priority,userName,status,firstSeen
R055_Изменение группы в ОС Windows подозрительным пользователем,[ТМ] ЛМЗ Либнехта,3efe5164-daa7-4755-9de9-df93fcb4fca7,1d318aff-22a1-4dd3-ba6e-44db8e6abd7a,Low,R055_Изменение группы в ОС Windows подозрительным пользователем,1,,New,2025-04-24T12:55:43+03:00
R051_Учетная запись была добавлена в группу подозрительным пользователем,[ТМ] ЛМЗ Либнехта,3efe5164-daa7-4755-9de9-df93fcb4fca7,ca57af5c-984d-4b38-a63b-a780fb75662d,Low,R051_Учетная запись была добавлена в группу подозрительным пользователем,1,,New,2025-04-24T09:44:13+03:00
R035_Возможный подбор пароля методом перебора учетных записей,[ТМ] ЛМЗ Либнехта,3efe5164-daa7-4755-9de9-df93fcb4fca7,c75bbeff-8365-4fa6-972f-e52ff006288c,Low,R035_Возможный подбор пароля методом перебора учетных записей,1,,New,2025-04-23T14:52:36+03:00
R229_Сбор информации о службах,[ТМ] ЛМЗ Либнехта,3efe5164-daa7-4755-9de9-df93fcb4fca7,4d45958e-24a6-4dca-afb6-3a35f7e7262c,Low,R229_Сбор информации о службах,1,,New,2025-04-22T16:31:13+03:00
