﻿Последние 10 алертов
2025-04-01T00:00:00+03:00 - 2025-04-24T16:01:04+03:00
[ТМ] КМЗ

severity,tenantID,firstSeen,priority,tenantName,name,correlationRuleName,status,userName,id
Low,2e1e2ace-2778-4dc5-9755-b79d2ac32087,2025-04-24T03:39:21+03:00,1,[ТМ] КМЗ,R152_Запущенный процесс имеет подозрительный родительский процесс,R152_Запущенный процесс имеет подозрительный родительский процесс,New,,54be1f3b-966f-4614-89ae-aef8450928f2
Low,2e1e2ace-2778-4dc5-9755-b79d2ac32087,2025-04-22T12:18:41+03:00,1,[ТМ] КМЗ,R051_Учетная запись была добавлена в группу подозрительным пользователем,R051_Учетная запись была добавлена в группу подозрительным пользователем,New,,6d567349-d81d-4c53-8e78-f9ac1f983a6e
Low,2e1e2ace-2778-4dc5-9755-b79d2ac32087,2025-04-22T12:18:41+03:00,1,[ТМ] КМЗ,R055_Изменение группы в ОС Windows подозрительным пользователем,R055_Изменение группы в ОС Windows подозрительным пользователем,New,,fc72d4c7-c5ea-4b46-b48f-c17c39e801f9
Medium,2e1e2ace-2778-4dc5-9755-b79d2ac32087,2025-04-21T15:53:08+03:00,2,[ТМ] КМЗ,R077_Обнаружено вредоносное ПО,R077_Обнаружено вредоносное ПО,New,,da928312-acbf-4195-804c-e37be2524100
Medium,2e1e2ace-2778-4dc5-9755-b79d2ac32087,2025-04-01T21:46:03+03:00,2,[ТМ] КМЗ,R423_Подозрительный процесс компиляции файла,R423_Подозрительный процесс компиляции файла,New,,abfbc58e-a7a8-4829-bd54-60572808d8ff
