﻿Активы в инцидентах
2025-04-01T00:00:00+03:00 - 2025-04-24T16:05:19+03:00
[СХ] ЧПО Чапаева

id,tenantID,tenantName,name,weight,count
e1f8d7fb-c584-424b-9e49-57d584c14f67,ec496179-c547-4bf5-8e5c-2687b6ef3263,[СХ] ЧПО Чапаева,N73106,1,1
8b198e7f-52ec-4ed0-8c39-b6c5b8ddebe0,ec496179-c547-4bf5-8e5c-2687b6ef3263,[СХ] ЧПО Чапаева,N00156,1,1
5cf79e72-4e20-4850-ac42-d3ce5524c425,ec496179-c547-4bf5-8e5c-2687b6ef3263,[СХ] ЧПО Чапаева,N00230,1,1
77fc4f55-4e83-48c6-bdc3-3c6936761b4b,ec496179-c547-4bf5-8e5c-2687b6ef3263,[СХ] ЧПО Чапаева,N73099,1,1
426940be-e1b5-49e4-aef4-722606be2f45,ec496179-c547-4bf5-8e5c-2687b6ef3263,[СХ] ЧПО Чапаева,N73158,1,1
4e35e584-57a0-40d4-8c10-7aaa55851b98,ec496179-c547-4bf5-8e5c-2687b6ef3263,[СХ] ЧПО Чапаева,N00260,1,1
567ce7a3-64d8-4d8c-a9a7-011246974c7e,ec496179-c547-4bf5-8e5c-2687b6ef3263,[СХ] ЧПО Чапаева,N73070,1,1
0372e6b0-b297-46a7-bdbf-10968ce923dc,ec496179-c547-4bf5-8e5c-2687b6ef3263,[СХ] ЧПО Чапаева,N73061,1,1
489a34a0-feb7-4282-955a-6d75281ba90a,ec496179-c547-4bf5-8e5c-2687b6ef3263,[СХ] ЧПО Чапаева,N00107,1,1
b22fc3f2-7aea-4ed6-90c9-276120b011b9,ec496179-c547-4bf5-8e5c-2687b6ef3263,[СХ] ЧПО Чапаева,N00014,1,1
1b14f8f8-8cdf-4a2e-be0f-14ad4a3e9d79,ec496179-c547-4bf5-8e5c-2687b6ef3263,[СХ] ЧПО Чапаева,N00231,1,1
6d01fa5e-219c-4196-b4e0-2f025a9f7955,ec496179-c547-4bf5-8e5c-2687b6ef3263,[СХ] ЧПО Чапаева,N73190,1,1
ccc5e71f-712a-462b-afb6-cb4c826b4959,ec496179-c547-4bf5-8e5c-2687b6ef3263,[СХ] ЧПО Чапаева,N00735,1,1
a4d24be5-6fa5-4d66-8c57-cc5080e94e3a,ec496179-c547-4bf5-8e5c-2687b6ef3263,[СХ] ЧПО Чапаева,N73046,1,1
a2583100-2a3c-4e5d-9c9f-ddfcfa15fbb6,ec496179-c547-4bf5-8e5c-2687b6ef3263,[СХ] ЧПО Чапаева,N73034,1,1
9992273f-f99e-4e2d-88a9-0cef7244ab83,ec496179-c547-4bf5-8e5c-2687b6ef3263,[СХ] ЧПО Чапаева,N00233,1,1
52e043ec-94a7-408a-b522-8e35370a4bf5,ec496179-c547-4bf5-8e5c-2687b6ef3263,[СХ] ЧПО Чапаева,N00249,1,1
e6cf756f-9cd3-4486-b852-d709eda5c02a,ec496179-c547-4bf5-8e5c-2687b6ef3263,[СХ] ЧПО Чапаева,N00160,1,1
39626301-83d8-472a-8b72-f79947996a76,ec496179-c547-4bf5-8e5c-2687b6ef3263,[СХ] ЧПО Чапаева,N00627,1,1
eb65d72e-ab4b-4d90-ad6d-8d72c3ba99a6,ec496179-c547-4bf5-8e5c-2687b6ef3263,[СХ] ЧПО Чапаева,N73112,1,1
3528c1a7-27b9-46ed-8d88-f2222e946c9b,ec496179-c547-4bf5-8e5c-2687b6ef3263,[СХ] ЧПО Чапаева,N00258,1,1
ef268ef4-88f6-4d1e-acb7-fef2387beb5a,ec496179-c547-4bf5-8e5c-2687b6ef3263,[СХ] ЧПО Чапаева,N00083,1,1
76b25417-26da-49d5-9592-2f6758683b08,ec496179-c547-4bf5-8e5c-2687b6ef3263,[СХ] ЧПО Чапаева,N73066,1,1
1f50f997-cfa2-4da3-9436-cd1b8df3b2a8,ec496179-c547-4bf5-8e5c-2687b6ef3263,[СХ] ЧПО Чапаева,N00041,1,1
35e10d5c-0e3f-4986-878e-09a1bb8580fa,ec496179-c547-4bf5-8e5c-2687b6ef3263,[СХ] ЧПО Чапаева,N00105,1,1
6eaf0882-3ba4-4031-9a53-e8f13fedd1a8,ec496179-c547-4bf5-8e5c-2687b6ef3263,[СХ] ЧПО Чапаева,N73058,1,1
60acfa85-1332-420e-84ab-bae5e2ac7a68,ec496179-c547-4bf5-8e5c-2687b6ef3263,[СХ] ЧПО Чапаева,N00069,1,1
19a7bbe5-0037-4cc5-9e13-5645a15b1ec3,ec496179-c547-4bf5-8e5c-2687b6ef3263,[СХ] ЧПО Чапаева,N00232,1,1
0eddb98e-2230-4e73-9d35-5913d77e0835,ec496179-c547-4bf5-8e5c-2687b6ef3263,[СХ] ЧПО Чапаева,N73094,1,1
c80d0b42-4c28-4cfe-a7be-c0887c8a38d2,ec496179-c547-4bf5-8e5c-2687b6ef3263,[СХ] ЧПО Чапаева,N00263,1,1
56319b77-a204-4247-a3ad-4ec3d8dc09b3,ec496179-c547-4bf5-8e5c-2687b6ef3263,[СХ] ЧПО Чапаева,N00387,1,1
f2be9ff2-1277-4fe9-9c0d-fef1c0e37ef4,ec496179-c547-4bf5-8e5c-2687b6ef3263,[СХ] ЧПО Чапаева,N73160,1,1
ea858f57-53bd-4f3f-a946-1860fd8c296c,ec496179-c547-4bf5-8e5c-2687b6ef3263,[СХ] ЧПО Чапаева,SERV-KASP-2,1,1
ef4b2e76-9963-4bee-9b2a-ebc4681e55fe,ec496179-c547-4bf5-8e5c-2687b6ef3263,[СХ] ЧПО Чапаева,N73156,1,1
76d160c7-669d-4930-bdd2-f447d4f93b94,ec496179-c547-4bf5-8e5c-2687b6ef3263,[СХ] ЧПО Чапаева,N00371,1,1
