﻿Затронутые активы
2025-04-01T00:00:00+03:00 - 2025-04-24T16:05:19+03:00
[СХ] ЧПО Чапаева

id,displayName,criticality,frequency,tenantID,tenantName
ef4b2e76-9963-4bee-9b2a-ebc4681e55fe,N73156,1,9,ec496179-c547-4bf5-8e5c-2687b6ef3263,[СХ] ЧПО Чапаева
ef268ef4-88f6-4d1e-acb7-fef2387beb5a,N00083,1,7,ec496179-c547-4bf5-8e5c-2687b6ef3263,[СХ] ЧПО Чапаева
19a7bbe5-0037-4cc5-9e13-5645a15b1ec3,N00232,1,7,ec496179-c547-4bf5-8e5c-2687b6ef3263,[СХ] ЧПО Чапаева
a4d24be5-6fa5-4d66-8c57-cc5080e94e3a,N73046,1,7,ec496179-c547-4bf5-8e5c-2687b6ef3263,[СХ] ЧПО Чапаева
6eaf0882-3ba4-4031-9a53-e8f13fedd1a8,N73058,1,7,ec496179-c547-4bf5-8e5c-2687b6ef3263,[СХ] ЧПО Чапаева
0372e6b0-b297-46a7-bdbf-10968ce923dc,N73061,1,7,ec496179-c547-4bf5-8e5c-2687b6ef3263,[СХ] ЧПО Чапаева
76b25417-26da-49d5-9592-2f6758683b08,N73066,1,7,ec496179-c547-4bf5-8e5c-2687b6ef3263,[СХ] ЧПО Чапаева
567ce7a3-64d8-4d8c-a9a7-011246974c7e,N73070,1,7,ec496179-c547-4bf5-8e5c-2687b6ef3263,[СХ] ЧПО Чапаева
77fc4f55-4e83-48c6-bdc3-3c6936761b4b,N73099,1,6,ec496179-c547-4bf5-8e5c-2687b6ef3263,[СХ] ЧПО Чапаева
426940be-e1b5-49e4-aef4-722606be2f45,N73158,1,6,ec496179-c547-4bf5-8e5c-2687b6ef3263,[СХ] ЧПО Чапаева
8b198e7f-52ec-4ed0-8c39-b6c5b8ddebe0,N00156,1,5,ec496179-c547-4bf5-8e5c-2687b6ef3263,[СХ] ЧПО Чапаева
e1f8d7fb-c584-424b-9e49-57d584c14f67,N73106,1,5,ec496179-c547-4bf5-8e5c-2687b6ef3263,[СХ] ЧПО Чапаева
6d01fa5e-219c-4196-b4e0-2f025a9f7955,N73190,1,5,ec496179-c547-4bf5-8e5c-2687b6ef3263,[СХ] ЧПО Чапаева
1f50f997-cfa2-4da3-9436-cd1b8df3b2a8,N00041,1,4,ec496179-c547-4bf5-8e5c-2687b6ef3263,[СХ] ЧПО Чапаева
1b14f8f8-8cdf-4a2e-be0f-14ad4a3e9d79,N00231,1,4,ec496179-c547-4bf5-8e5c-2687b6ef3263,[СХ] ЧПО Чапаева
52e043ec-94a7-408a-b522-8e35370a4bf5,N00249,1,4,ec496179-c547-4bf5-8e5c-2687b6ef3263,[СХ] ЧПО Чапаева
3528c1a7-27b9-46ed-8d88-f2222e946c9b,N00258,1,4,ec496179-c547-4bf5-8e5c-2687b6ef3263,[СХ] ЧПО Чапаева
4e35e584-57a0-40d4-8c10-7aaa55851b98,N00260,1,4,ec496179-c547-4bf5-8e5c-2687b6ef3263,[СХ] ЧПО Чапаева
39626301-83d8-472a-8b72-f79947996a76,N00627,1,4,ec496179-c547-4bf5-8e5c-2687b6ef3263,[СХ] ЧПО Чапаева
f2be9ff2-1277-4fe9-9c0d-fef1c0e37ef4,N73160,1,4,ec496179-c547-4bf5-8e5c-2687b6ef3263,[СХ] ЧПО Чапаева
60acfa85-1332-420e-84ab-bae5e2ac7a68,N00069,1,3,ec496179-c547-4bf5-8e5c-2687b6ef3263,[СХ] ЧПО Чапаева
35e10d5c-0e3f-4986-878e-09a1bb8580fa,N00105,1,3,ec496179-c547-4bf5-8e5c-2687b6ef3263,[СХ] ЧПО Чапаева
489a34a0-feb7-4282-955a-6d75281ba90a,N00107,1,3,ec496179-c547-4bf5-8e5c-2687b6ef3263,[СХ] ЧПО Чапаева
76d160c7-669d-4930-bdd2-f447d4f93b94,N00371,1,3,ec496179-c547-4bf5-8e5c-2687b6ef3263,[СХ] ЧПО Чапаева
56319b77-a204-4247-a3ad-4ec3d8dc09b3,N00387,1,3,ec496179-c547-4bf5-8e5c-2687b6ef3263,[СХ] ЧПО Чапаева
0eddb98e-2230-4e73-9d35-5913d77e0835,N73094,1,3,ec496179-c547-4bf5-8e5c-2687b6ef3263,[СХ] ЧПО Чапаева
5cf79e72-4e20-4850-ac42-d3ce5524c425,N00230,1,2,ec496179-c547-4bf5-8e5c-2687b6ef3263,[СХ] ЧПО Чапаева
9992273f-f99e-4e2d-88a9-0cef7244ab83,N00233,1,2,ec496179-c547-4bf5-8e5c-2687b6ef3263,[СХ] ЧПО Чапаева
ccc5e71f-712a-462b-afb6-cb4c826b4959,N00735,1,2,ec496179-c547-4bf5-8e5c-2687b6ef3263,[СХ] ЧПО Чапаева
ea858f57-53bd-4f3f-a946-1860fd8c296c,SERV-KASP-2,1,2,ec496179-c547-4bf5-8e5c-2687b6ef3263,[СХ] ЧПО Чапаева
b22fc3f2-7aea-4ed6-90c9-276120b011b9,N00014,1,1,ec496179-c547-4bf5-8e5c-2687b6ef3263,[СХ] ЧПО Чапаева
c80d0b42-4c28-4cfe-a7be-c0887c8a38d2,N00263,1,1,ec496179-c547-4bf5-8e5c-2687b6ef3263,[СХ] ЧПО Чапаева
136692a4-ee9c-48b8-93b9-83e926db6d12,N00309,1,1,ec496179-c547-4bf5-8e5c-2687b6ef3263,[СХ] ЧПО Чапаева
ab2d0452-66a7-4411-a9b4-1ed033ed0db4,N00395,1,1,ec496179-c547-4bf5-8e5c-2687b6ef3263,[СХ] ЧПО Чапаева
a87ed38c-c6cc-4980-93af-4f5495df5316,N00523,1,1,ec496179-c547-4bf5-8e5c-2687b6ef3263,[СХ] ЧПО Чапаева
db97d19a-99fc-4720-b4ec-bb285b4937af,N00572,1,1,ec496179-c547-4bf5-8e5c-2687b6ef3263,[СХ] ЧПО Чапаева
c8745552-bd9b-4459-bcf4-8f9fb0e82912,N00618,1,1,ec496179-c547-4bf5-8e5c-2687b6ef3263,[СХ] ЧПО Чапаева
f7dda8c4-af1c-40e9-a4a1-ce20ff935714,N00687,1,1,ec496179-c547-4bf5-8e5c-2687b6ef3263,[СХ] ЧПО Чапаева
0dedf6c8-0a19-44de-ae6f-62ea2814de9c,N42138,1,1,ec496179-c547-4bf5-8e5c-2687b6ef3263,[СХ] ЧПО Чапаева
eb65d72e-ab4b-4d90-ad6d-8d72c3ba99a6,N73112,1,1,ec496179-c547-4bf5-8e5c-2687b6ef3263,[СХ] ЧПО Чапаева
