﻿Последние инциденты
2025-04-01T00:00:00+03:00 - 2025-04-24T16:05:19+03:00
[СХ] ЧПО Чапаева

priority,status,id,severity,tenantName,tenantID,createdAt,name
3,1,INC-397,High,[СХ] ЧПО Чапаева,ec496179-c547-4bf5-8e5c-2687b6ef3263,2025-04-14T13:19:25+03:00,R071_Получен доступ к ADMIN$
1,1,INC-389,Low,[СХ] ЧПО Чапаева,ec496179-c547-4bf5-8e5c-2687b6ef3263,2025-04-07T16:23:07+03:00,R224_Сбор информации о системе
3,1,INC-382,High,[СХ] ЧПО Чапаева,ec496179-c547-4bf5-8e5c-2687b6ef3263,2025-04-04T16:58:51+03:00,R240_Манипуляции с локальным межсетевым экраном
2,1,INC-354,Medium,[СХ] ЧПО Чапаева,ec496179-c547-4bf5-8e5c-2687b6ef3263,2025-04-01T13:19:39+03:00,R078_Обнаружено большое количество вредоносных объектов на одном хосте
