﻿Последние 10 алертов
2025-04-01T00:00:00+03:00 - 2025-04-24T16:05:19+03:00
[СХ] ЧПО Чапаева

priority,id,correlationRuleName,severity,tenantName,status,firstSeen,userName,name,tenantID
2,072f5d2d-852a-4c26-bf84-bc83e0e43eaa,R206_Обнаружен новый DHCP сервер,Medium,[СХ] ЧПО Чапаева,New,2025-04-21T16:32:32+03:00,,R206_Обнаружен новый DHCP сервер,ec496179-c547-4bf5-8e5c-2687b6ef3263
3,c2a279d5-b33e-47f5-ba14-5689e9921af0,R071_Получен доступ к ADMIN$,High,[СХ] ЧПО Чапаева,New,2025-04-18T14:09:06+03:00,,R071_Получен доступ к ADMIN$,ec496179-c547-4bf5-8e5c-2687b6ef3263
3,496dec09-f4c2-4d98-b972-1b1a16830db3,R071_Получен доступ к ADMIN$,High,[СХ] ЧПО Чапаева,In progress,2025-04-16T11:40:06+03:00,Александра Зейферт,R071_Получен доступ к ADMIN$,ec496179-c547-4bf5-8e5c-2687b6ef3263
3,f317b805-896c-46e1-aa4f-887ec01bdc4b,R071_Получен доступ к ADMIN$,High,[СХ] ЧПО Чапаева,In incident,2025-04-15T14:56:07+03:00,Александра Зейферт,R071_Получен доступ к ADMIN$,ec496179-c547-4bf5-8e5c-2687b6ef3263
3,1c1e82df-2242-4e6c-b00b-b8fcba1d21ed,R071_Получен доступ к ADMIN$,High,[СХ] ЧПО Чапаева,In incident,2025-04-15T11:52:00+03:00,Александра Зейферт,R071_Получен доступ к ADMIN$,ec496179-c547-4bf5-8e5c-2687b6ef3263
3,0542f707-bcff-4324-94d7-3780adfe9f90,R071_Получен доступ к ADMIN$,High,[СХ] ЧПО Чапаева,In incident,2025-04-14T13:28:28+03:00,Александра Зейферт,R071_Получен доступ к ADMIN$,ec496179-c547-4bf5-8e5c-2687b6ef3263
3,5e40849b-0de6-4a48-999c-41a43f020a08,R071_Получен доступ к ADMIN$,High,[СХ] ЧПО Чапаева,In incident,2025-04-14T13:24:09+03:00,Александра Зейферт,R071_Получен доступ к ADMIN$,ec496179-c547-4bf5-8e5c-2687b6ef3263
3,7023995c-de02-4737-a13a-14dad744cd62,R071_Получен доступ к ADMIN$,High,[СХ] ЧПО Чапаева,In incident,2025-04-14T13:23:11+03:00,Александра Зейферт,R071_Получен доступ к ADMIN$,ec496179-c547-4bf5-8e5c-2687b6ef3263
3,57c99e98-2299-43c4-874f-72387f42181d,R240_Манипуляции с локальным межсетевым экраном,High,[СХ] ЧПО Чапаева,New,2025-04-09T18:34:35+03:00,,R240_Манипуляции с локальным межсетевым экраном,ec496179-c547-4bf5-8e5c-2687b6ef3263
3,b41a120e-d5c8-4131-87fb-c48381cbe6ae,R293_Аномальное дерево процессов для Windows,High,[СХ] ЧПО Чапаева,New,2025-04-07T16:56:07+03:00,,R293_Аномальное дерево процессов для Windows,ec496179-c547-4bf5-8e5c-2687b6ef3263
