﻿Последние 10 алертов
2025-04-01T00:00:00+03:00 - 2025-04-24T15:54:34+03:00
[ТД] Гипронииавиапром

tenantName,name,userName,id,correlationRuleName,priority,severity,tenantID,status,firstSeen
[ТД] Гипронииавиапром,R082_Обнаружение туннелирования трафика,,998b88d8-f8b6-4f8b-8ac1-a3b67aad5ce9,R082_Обнаружение туннелирования трафика,1,Low,aa7e37e9-8934-4d8a-b905-f16b6e14096e,New,2025-04-09T08:52:07+03:00
