﻿Последние 10 алертов
2025-04-01T00:00:00+03:00 - 2025-04-24T15:54:28+03:00
[ТД] Гидравлика

name,tenantID,severity,firstSeen,status,tenantName,userName,id,correlationRuleName,priority
R084_Использование ПО для удаленного администрирования,cf4a9f94-dad6-41cf-87bf-71e40d935352,High,2025-04-23T11:09:38+03:00,In progress,[ТД] Гидравлика,Роман Рыжиков,7a2e3264-775a-48dc-b0a3-be89212d4b0e,R084_Использование ПО для удаленного администрирования,3
R099_Манипуляции с задачами по расписанию,cf4a9f94-dad6-41cf-87bf-71e40d935352,Low,2025-04-23T11:04:09+03:00,New,[ТД] Гидравлика,,71ae7b14-dc38-4c47-9b47-769ae9dff2af,R099_Манипуляции с задачами по расписанию,1
R110_Использование подозрительных опций в командах PowerShell,cf4a9f94-dad6-41cf-87bf-71e40d935352,Medium,2025-04-21T22:51:24+03:00,New,[ТД] Гидравлика,,b6ff721d-43d4-463a-956b-a37ec371524e,R110_Использование подозрительных опций в командах PowerShell,2
R221_Сбор информации о группах,cf4a9f94-dad6-41cf-87bf-71e40d935352,Low,2025-04-21T22:51:24+03:00,New,[ТД] Гидравлика,,b8448809-4b51-414c-8c37-05303d4ca4c0,R221_Сбор информации о группах,1
R052_Учетная запись была удалена из группы подозрительным пользователем,cf4a9f94-dad6-41cf-87bf-71e40d935352,Low,2025-04-18T14:03:19+03:00,New,[ТД] Гидравлика,,e4dee7f7-c35c-4bbe-b699-8bb3e67ea2ea,R052_Учетная запись была удалена из группы подозрительным пользователем,1
R055_Изменение группы в ОС Windows подозрительным пользователем,cf4a9f94-dad6-41cf-87bf-71e40d935352,Low,2025-04-18T14:03:05+03:00,New,[ТД] Гидравлика,,6d4e8e01-aead-43b5-a5bf-7bfef7aa1ef9,R055_Изменение группы в ОС Windows подозрительным пользователем,1
R051_Учетная запись была добавлена в группу подозрительным пользователем,cf4a9f94-dad6-41cf-87bf-71e40d935352,Low,2025-04-18T14:03:05+03:00,New,[ТД] Гидравлика,,e17858c4-cb1a-4bdd-b538-72e794131a16,R051_Учетная запись была добавлена в группу подозрительным пользователем,1
R058_Локальная учетная запись была создана подозрительным пользователем,cf4a9f94-dad6-41cf-87bf-71e40d935352,Low,2025-04-18T14:03:05+03:00,New,[ТД] Гидравлика,,c689b35d-23dc-4ab8-9e40-c279a06baa94,R058_Локальная учетная запись была создана подозрительным пользователем,1
R063_Добавление учетной записи в группу доменных или локальных администраторов,cf4a9f94-dad6-41cf-87bf-71e40d935352,High,2025-04-18T11:19:16+03:00,New,[ТД] Гидравлика,,5efe0f8b-f130-494e-9d55-a79dad3f0d3e,R063_Добавление учетной записи в группу доменных или локальных администраторов,3
R063_Добавление учетной записи в группу доменных или локальных администраторов,cf4a9f94-dad6-41cf-87bf-71e40d935352,High,2025-04-15T08:04:58+03:00,In incident,[ТД] Гидравлика,Александра Зейферт,823ad67f-8f26-4d76-82c7-ac85ecabc088,R063_Добавление учетной записи в группу доменных или локальных администраторов,3
