﻿Последние 10 алертов
2025-04-01T00:00:00+03:00 - 2025-04-24T16:06:03+03:00
[СХ] НИИПМ

status,priority,severity,name,tenantName,userName,correlationRuleName,id,tenantID,firstSeen
New,2,Medium,R406_Получение учетных данных через GUI-запросы,[СХ] НИИПМ,,R406_Получение учетных данных через GUI-запросы,4a3bc1bc-9dc4-46b2-90ef-79e240f7576a,f334849e-1cd8-4723-9483-86b4ac1dc319,2025-04-22T10:36:49+03:00
