﻿Затронутые активы
2025-04-01T00:00:00+03:00 - 2025-04-24T16:02:54+03:00
[ТМ] ХЗ Планта

tenantName,id,displayName,criticality,frequency,tenantID
[ТМ] ХЗ Планта,de5f2471-3c00-436e-b0dc-4b1e089c4bd3,BI1,1,1,a551cc84-0c62-48ae-941d-6c1b2e368b27
[ТМ] ХЗ Планта,7ac15390-91db-4cb2-ace2-315f90c2dca8,BM1,1,1,a551cc84-0c62-48ae-941d-6c1b2e368b27
[ТМ] ХЗ Планта,d20a19bc-cd93-48dd-aa38-032fec32af49,DC1,1,1,a551cc84-0c62-48ae-941d-6c1b2e368b27
[ТМ] ХЗ Планта,8a9ba455-b01f-4dec-86b4-b9d817d97ddd,KONSTRMSP3,1,1,a551cc84-0c62-48ae-941d-6c1b2e368b27
[ТМ] ХЗ Планта,ae53695e-23a7-4b4d-85f3-4ddf97310141,OMTS4,1,1,a551cc84-0c62-48ae-941d-6c1b2e368b27
[ТМ] ХЗ Планта,4df8bd9d-9baf-4ac1-9c91-d58e2458d8fb,PTNP2,1,1,a551cc84-0c62-48ae-941d-6c1b2e368b27
[ТМ] ХЗ Планта,67fdc99c-6418-456e-9d39-bc6ef88d45b7,TEHNOLOG11,1,1,a551cc84-0c62-48ae-941d-6c1b2e368b27
[ТМ] ХЗ Планта,08ff2f99-8771-4d2a-80ff-bd9c0b95b37e,TEHNOLOG13,1,1,a551cc84-0c62-48ae-941d-6c1b2e368b27
