﻿Последние 10 алертов
2025-04-01T00:00:00+03:00 - 2025-04-24T16:02:54+03:00
[ТМ] ХЗ Планта

severity,priority,id,tenantID,correlationRuleName,status,name,firstSeen,tenantName,userName
High,3,1d83c1f9-d409-46eb-8de4-90c35b62e91f,a551cc84-0c62-48ae-941d-6c1b2e368b27,R240_Манипуляции с локальным межсетевым экраном,New,R240_Манипуляции с локальным межсетевым экраном,2025-04-23T08:17:55+03:00,[ТМ] ХЗ Планта,
Low,1,a840bb3f-c3f5-4fc7-9842-c91f747f5d28,a551cc84-0c62-48ae-941d-6c1b2e368b27,R051_Учетная запись была добавлена в группу подозрительным пользователем,New,R051_Учетная запись была добавлена в группу подозрительным пользователем,2025-04-22T12:19:36+03:00,[ТМ] ХЗ Планта,
High,3,c546fa46-81c7-4b03-ac31-a58b20b2a0c7,a551cc84-0c62-48ae-941d-6c1b2e368b27,R050_Очистка журнала событий Windows,In incident,R050_Очистка журнала событий Windows,2025-04-18T13:12:22+03:00,[ТМ] ХЗ Планта,Кирилл Бобров
High,3,4c4b6a9a-db59-4b61-87a8-ef0423af75c6,a551cc84-0c62-48ae-941d-6c1b2e368b27,R063_Добавление учетной записи в группу доменных или локальных администраторов,In progress,R063_Добавление учетной записи в группу доменных или локальных администраторов,2025-04-10T08:16:22+03:00,[ТМ] ХЗ Планта,Александра Зейферт
Low,1,d63dab31-0d4c-4ba2-ba0f-b790ea617aae,a551cc84-0c62-48ae-941d-6c1b2e368b27,R224_Сбор информации о системе,New,R224_Сбор информации о системе,2025-04-10T05:35:27+03:00,[ТМ] ХЗ Планта,
