﻿Затронутые активы
2025-04-01T00:00:00+03:00 - 2025-04-24T16:02:18+03:00
[ТМ] Полимер

frequency,tenantID,tenantName,id,displayName,criticality
2,f0ffa808-1c3e-43c3-8a54-aeb8afd38747,[ТМ] Полимер,add61080-962d-4fa4-9861-8d97d01ad5d4,SPEC-BD,1
1,f0ffa808-1c3e-43c3-8a54-aeb8afd38747,[ТМ] Полимер,2773250f-5446-4665-b3c9-72c41b5aa964,BUH-ZAM,1
1,f0ffa808-1c3e-43c3-8a54-aeb8afd38747,[ТМ] Полимер,198a6823-9342-41cb-b4dd-944df3d08e5e,OTIZ-S,1
1,f0ffa808-1c3e-43c3-8a54-aeb8afd38747,[ТМ] Полимер,8fac3995-243e-4279-b3d6-dc997b9dc321,SQL1CPLMR,1
1,f0ffa808-1c3e-43c3-8a54-aeb8afd38747,[ТМ] Полимер,8318dc2a-24a7-45c6-8b8b-7882d0d8d22a,TG-K,1
