﻿Последние 10 алертов
2025-04-01T00:00:00+03:00 - 2025-04-24T16:02:18+03:00
[ТМ] Полимер

name,id,tenantID,priority,userName,status,tenantName,severity,firstSeen,correlationRuleName
R282_Остановка сервиса через CLI,64109525-33bf-4554-99b5-9400869fbf46,f0ffa808-1c3e-43c3-8a54-aeb8afd38747,2,,New,[ТМ] Полимер,Medium,2025-04-24T02:05:15+03:00,R282_Остановка сервиса через CLI
R084_Использование ПО для удаленного администрирования,2d0d1e3c-b4e8-443b-a032-b63ff5fdc1c1,f0ffa808-1c3e-43c3-8a54-aeb8afd38747,3,,New,[ТМ] Полимер,High,2025-04-23T15:29:43+03:00,R084_Использование ПО для удаленного администрирования
R110_Использование подозрительных опций в командах PowerShell,cf6c9df4-76bc-451f-9369-4615cb74d846,f0ffa808-1c3e-43c3-8a54-aeb8afd38747,2,,New,[ТМ] Полимер,Medium,2025-04-21T16:25:35+03:00,R110_Использование подозрительных опций в командах PowerShell
R084_Использование ПО для удаленного администрирования,fdfc7ebf-ed36-477a-bf05-2cec3dd9deca,f0ffa808-1c3e-43c3-8a54-aeb8afd38747,3,Роман Рыжиков,In progress,[ТМ] Полимер,High,2025-04-18T14:42:20+03:00,R084_Использование ПО для удаленного администрирования
R082_Обнаружение туннелирования трафика,5a8d47fc-29c7-499c-a629-dca7876dc31d,f0ffa808-1c3e-43c3-8a54-aeb8afd38747,1,,New,[ТМ] Полимер,Low,2025-04-18T09:41:29+03:00,R082_Обнаружение туннелирования трафика
R224_Сбор информации о системе,3a9356bf-50ed-4f57-a8ee-532261f4f389,f0ffa808-1c3e-43c3-8a54-aeb8afd38747,1,,New,[ТМ] Полимер,Low,2025-04-07T23:23:43+03:00,R224_Сбор информации о системе
R290_Запуск скриптов из общедоступной директории,0cfd8ed8-144a-4ee6-982c-e8059a0f0612,f0ffa808-1c3e-43c3-8a54-aeb8afd38747,3,,New,[ТМ] Полимер,High,2025-04-03T11:33:50+03:00,R290_Запуск скриптов из общедоступной директории
