﻿Активы в инцидентах
2025-04-01T00:00:00+03:00 - 2025-04-24T15:54:04+03:00
[ТД] Электропривод

tenantName,name,weight,count,id,tenantID
[ТД] Электропривод,KBEA50,1,1,903c29cd-7bea-4ab1-b942-683188969d2d,17f758ed-acec-40dd-9022-cec548a56ed3
[ТД] Электропривод,KASSA01,1,1,5f8c28be-f72d-40a1-ac21-799ea9e6806a,17f758ed-acec-40dd-9022-cec548a56ed3
[ТД] Электропривод,KO30,1,1,2785cc35-f76c-4b41-a9cb-2e9948484231,17f758ed-acec-40dd-9022-cec548a56ed3
[ТД] Электропривод,VKS,1,1,0be93631-4822-405d-b535-d051e573fcd0,17f758ed-acec-40dd-9022-cec548a56ed3
[ТД] Электропривод,OTD12PC53,1,1,48366e6b-9ed3-4e60-b5ef-1431bd6e9bfc,17f758ed-acec-40dd-9022-cec548a56ed3
[ТД] Электропривод,BN10,1,1,b962fe0e-314a-44d2-b5d9-478c51873ffe,17f758ed-acec-40dd-9022-cec548a56ed3
[ТД] Электропривод,HRM21,1,1,d42ecd84-0547-471e-8b66-467f6a5d07d4,17f758ed-acec-40dd-9022-cec548a56ed3
[ТД] Электропривод,OTD12PC52,1,1,05044306-aea9-4de3-a33e-4666b9b44e73,17f758ed-acec-40dd-9022-cec548a56ed3
