﻿Затронутые активы
2025-04-01T00:00:00+03:00 - 2025-04-24T15:54:04+03:00
[ТД] Электропривод

tenantID,tenantName,id,displayName,criticality,frequency
17f758ed-acec-40dd-9022-cec548a56ed3,[ТД] Электропривод,22ded160-4a63-41ec-9219-cd8f6626c6ed,IT50,1,5
17f758ed-acec-40dd-9022-cec548a56ed3,[ТД] Электропривод,cb507aa7-b4d5-416b-9094-fadb4919b74d,S01-PDC,1,5
17f758ed-acec-40dd-9022-cec548a56ed3,[ТД] Электропривод,7685f88d-984f-46ac-a597-11bfa0c67c40,IT17,1,4
17f758ed-acec-40dd-9022-cec548a56ed3,[ТД] Электропривод,5f8c28be-f72d-40a1-ac21-799ea9e6806a,KASSA01,1,4
17f758ed-acec-40dd-9022-cec548a56ed3,[ТД] Электропривод,5626d259-58d9-406b-a715-a70bc42b1075,OFFICE14,1,4
17f758ed-acec-40dd-9022-cec548a56ed3,[ТД] Электропривод,3839ebf1-b240-44a9-9b41-7697b1761575,BSN31,1,3
17f758ed-acec-40dd-9022-cec548a56ed3,[ТД] Электропривод,9d56f948-86f0-4415-a3a8-f6b26c184130,CERT03,1,3
17f758ed-acec-40dd-9022-cec548a56ed3,[ТД] Электропривод,9ff24ea5-df69-466a-893d-f5103e34b24c,CERT04,1,3
17f758ed-acec-40dd-9022-cec548a56ed3,[ТД] Электропривод,d14bb16c-f6c2-457d-81c6-38f6576a1e38,CKO20,1,3
17f758ed-acec-40dd-9022-cec548a56ed3,[ТД] Электропривод,9ffe5e08-dfce-4e7a-90c8-272e534a3688,IT10,1,3
17f758ed-acec-40dd-9022-cec548a56ed3,[ТД] Электропривод,21a9a317-fde0-49f5-a97d-bf96cbcb0fb4,MANAGER30,1,3
17f758ed-acec-40dd-9022-cec548a56ed3,[ТД] Электропривод,99baeef2-11a3-48ae-8c32-f5bd5f2afd0f,TEHNO34,1,3
17f758ed-acec-40dd-9022-cec548a56ed3,[ТД] Электропривод,aceaf37c-904c-49c5-bd85-948f2a1f214a,BTZ23,1,2
17f758ed-acec-40dd-9022-cec548a56ed3,[ТД] Электропривод,dbb92b08-1ae4-441e-8723-4bf4945d9c70,C75MASTER40,1,2
17f758ed-acec-40dd-9022-cec548a56ed3,[ТД] Электропривод,71826ddf-dd65-462f-847a-52073002120f,C76SBORKA13,1,2
17f758ed-acec-40dd-9022-cec548a56ed3,[ТД] Электропривод,d0e9d10b-fa50-4da5-bfc3-2bfb8b63cd4f,C77-IRK30,1,2
17f758ed-acec-40dd-9022-cec548a56ed3,[ТД] Электропривод,7403cdc5-84bb-4457-bf79-45f4aa4a865f,C77MASTER43,1,2
17f758ed-acec-40dd-9022-cec548a56ed3,[ТД] Электропривод,2442bafb-6be4-4149-9a12-f83e5142729d,C77MASTER45,1,2
17f758ed-acec-40dd-9022-cec548a56ed3,[ТД] Электропривод,f6f98cdb-219a-4018-8db0-ea63c40a3c87,CKO21,1,2
17f758ed-acec-40dd-9022-cec548a56ed3,[ТД] Электропривод,bab6c7c7-f617-4707-94b0-7e2ee3b211ae,IT01,1,2
17f758ed-acec-40dd-9022-cec548a56ed3,[ТД] Электропривод,6c877e16-b5ab-4207-b535-33cf0f3192ae,KBNO22,1,2
17f758ed-acec-40dd-9022-cec548a56ed3,[ТД] Электропривод,3c55ac42-7360-467d-8fab-6348f433c4db,KBR02,1,2
17f758ed-acec-40dd-9022-cec548a56ed3,[ТД] Электропривод,9f9da1be-9190-4894-8cba-b5dbbc48a37e,KBTEHNO23,1,2
17f758ed-acec-40dd-9022-cec548a56ed3,[ТД] Электропривод,751d9407-bed3-490a-9b95-53cfafcc5c20,KO20,1,2
17f758ed-acec-40dd-9022-cec548a56ed3,[ТД] Электропривод,f5ddbda8-5476-4311-a271-34e027135d6b,METROLOG20,1,2
17f758ed-acec-40dd-9022-cec548a56ed3,[ТД] Электропривод,32fd084a-eab4-4114-ad5d-fd593127d5b3,OTD12NOT09,1,2
17f758ed-acec-40dd-9022-cec548a56ed3,[ТД] Электропривод,f98e95d0-e0e8-4d16-81bc-d8e06ea76738,OTD12PC21,1,2
17f758ed-acec-40dd-9022-cec548a56ed3,[ТД] Электропривод,f2d5286c-f35d-4cf1-8503-d1a8cab984f3,OTD12PC35,1,2
17f758ed-acec-40dd-9022-cec548a56ed3,[ТД] Электропривод,771fbdf0-a819-4f52-8141-8c311ffd15ed,PDB31,1,2
17f758ed-acec-40dd-9022-cec548a56ed3,[ТД] Электропривод,c323a2f5-5580-4754-ba2c-75bb56a80817,PLOTD40,1,2
17f758ed-acec-40dd-9022-cec548a56ed3,[ТД] Электропривод,a006a9cd-4e5f-4df8-8e88-bf42f785bc2f,PLOTD42,1,2
17f758ed-acec-40dd-9022-cec548a56ed3,[ТД] Электропривод,7068bc2e-5b4b-4a69-bed3-ada57e2e5aa2,S07-FILE,1,2
17f758ed-acec-40dd-9022-cec548a56ed3,[ТД] Электропривод,27cf086f-e7c5-42bf-ab3c-167be4320083,S16-KSC,1,2
17f758ed-acec-40dd-9022-cec548a56ed3,[ТД] Электропривод,5d45b810-044d-49c1-9fa0-a7e4870d9a0f,S41-DC1,1,2
17f758ed-acec-40dd-9022-cec548a56ed3,[ТД] Электропривод,3e5f7a8f-d3a4-45b9-8c42-e891da8d8edf,SNAB20,1,2
17f758ed-acec-40dd-9022-cec548a56ed3,[ТД] Электропривод,277e0c83-c8b1-44c8-8f64-80291c9a88eb,TEHNO20,1,2
17f758ed-acec-40dd-9022-cec548a56ed3,[ТД] Электропривод,aa63c4db-20c1-4f37-8bdc-36d4917c569b,TEHNO_HEMILAB30,1,2
17f758ed-acec-40dd-9022-cec548a56ed3,[ТД] Электропривод,0be93631-4822-405d-b535-d051e573fcd0,VKS,1,2
17f758ed-acec-40dd-9022-cec548a56ed3,[ТД] Электропривод,7bb75b88-b495-44f5-a46d-8890f647c189,VPCOMP10,1,2
17f758ed-acec-40dd-9022-cec548a56ed3,[ТД] Электропривод,99665caf-4be2-4c68-bdde-c9109bfc8f50,ZAKUP51,1,2
17f758ed-acec-40dd-9022-cec548a56ed3,[ТД] Электропривод,f5849cc3-2751-41c3-aafb-5763ea916e80,BSN30,1,1
17f758ed-acec-40dd-9022-cec548a56ed3,[ТД] Электропривод,ff754e82-e5c6-4553-bcb1-01e88211e382,C75-30,1,1
17f758ed-acec-40dd-9022-cec548a56ed3,[ТД] Электропривод,ce5a8e99-6f31-4b34-86f4-9b68a61c3d63,C77-30,1,1
17f758ed-acec-40dd-9022-cec548a56ed3,[ТД] Электропривод,e36a93c5-05f9-46b2-99ec-87b3e7d921cb,C77-IRK32,1,1
17f758ed-acec-40dd-9022-cec548a56ed3,[ТД] Электропривод,b12d28c3-805e-40ab-8dad-dc0667d7f21c,C77BOSS30,1,1
17f758ed-acec-40dd-9022-cec548a56ed3,[ТД] Электропривод,8f3168fe-b6e9-407b-9c77-d4c4068e3aa0,C77MASTER41,1,1
17f758ed-acec-40dd-9022-cec548a56ed3,[ТД] Электропривод,a48fd10d-a354-4e66-ab4f-2b2214a13a84,C77MASTER42,1,1
17f758ed-acec-40dd-9022-cec548a56ed3,[ТД] Электропривод,7f9db688-f4a3-4d19-a704-b684c2dc0944,CERT02,1,1
17f758ed-acec-40dd-9022-cec548a56ed3,[ТД] Электропривод,cfeb3e04-45a6-4bb8-88bd-341a34698f4d,CERT10,1,1
17f758ed-acec-40dd-9022-cec548a56ed3,[ТД] Электропривод,22873158-9a88-4008-a66f-90983f4efcf3,CKS11,1,1
17f758ed-acec-40dd-9022-cec548a56ed3,[ТД] Электропривод,381a6310-5959-408c-b2b1-ddfcad2e5585,CKS43,1,1
17f758ed-acec-40dd-9022-cec548a56ed3,[ТД] Электропривод,bfc9a50d-805c-4648-acc5-caca90ac33a4,ENERGI31,1,1
17f758ed-acec-40dd-9022-cec548a56ed3,[ТД] Электропривод,a21954a5-0cd8-43a2-9d79-a95687d3b4fa,ENERGI32,1,1
17f758ed-acec-40dd-9022-cec548a56ed3,[ТД] Электропривод,96140b53-4820-4243-9f88-3ee821a8954e,ENERGI34,1,1
17f758ed-acec-40dd-9022-cec548a56ed3,[ТД] Электропривод,0e1af100-6e3c-4f8f-833d-80cdbeb22354,GOCHS10,1,1
17f758ed-acec-40dd-9022-cec548a56ed3,[ТД] Электропривод,1b782eb0-0dd4-49ff-bcd5-256a280b8d31,HRM10,1,1
17f758ed-acec-40dd-9022-cec548a56ed3,[ТД] Электропривод,c6c0a629-fbb2-414a-9667-077d646b903a,KBEA14,1,1
17f758ed-acec-40dd-9022-cec548a56ed3,[ТД] Электропривод,91ed10c1-c2bd-49c8-b4be-e0baec95eaef,KBEA42,1,1
17f758ed-acec-40dd-9022-cec548a56ed3,[ТД] Электропривод,defd7d1a-a77a-4270-b2da-0946e15e82c3,KBEA43,1,1
17f758ed-acec-40dd-9022-cec548a56ed3,[ТД] Электропривод,903c29cd-7bea-4ab1-b942-683188969d2d,KBEA50,1,1
17f758ed-acec-40dd-9022-cec548a56ed3,[ТД] Электропривод,d682136a-791a-451c-a067-deef659f3381,KBEA51,1,1
17f758ed-acec-40dd-9022-cec548a56ed3,[ТД] Электропривод,96defe37-6e32-4101-884e-d410e3edd6a1,KBEM42,1,1
17f758ed-acec-40dd-9022-cec548a56ed3,[ТД] Электропривод,1b43b512-4c09-4c67-8a84-01fb64251430,KBEM51,1,1
17f758ed-acec-40dd-9022-cec548a56ed3,[ТД] Электропривод,0a8d139a-03bb-470d-9ddf-2ef7093a4ade,KBNO20,1,1
17f758ed-acec-40dd-9022-cec548a56ed3,[ТД] Электропривод,52fa0938-dbaf-40a4-8536-2330efc6f119,KBNO23,1,1
17f758ed-acec-40dd-9022-cec548a56ed3,[ТД] Электропривод,c59ba511-58c9-4b4f-835f-7e431fab03ca,KBNO24,1,1
17f758ed-acec-40dd-9022-cec548a56ed3,[ТД] Электропривод,ead856be-6d76-4c6c-acff-ffd47b480c75,KBNO30,1,1
17f758ed-acec-40dd-9022-cec548a56ed3,[ТД] Электропривод,29c8a2fe-764a-4cff-897f-9ed6c33ca3de,KBPR40,1,1
17f758ed-acec-40dd-9022-cec548a56ed3,[ТД] Электропривод,b2316ae8-bc75-49e6-9a60-a505528e3e45,KBPR50,1,1
17f758ed-acec-40dd-9022-cec548a56ed3,[ТД] Электропривод,eaa87524-e5ad-4c4c-93a8-f5555ef9fdbf,KBSEA16,1,1
17f758ed-acec-40dd-9022-cec548a56ed3,[ТД] Электропривод,3f154ae5-4bfa-464a-963d-40b1aea0c571,KBSEA20,1,1
17f758ed-acec-40dd-9022-cec548a56ed3,[ТД] Электропривод,5753c023-a1a8-4bff-b991-ca81c5631c1e,KBSEA50,1,1
17f758ed-acec-40dd-9022-cec548a56ed3,[ТД] Электропривод,0db89be9-1b8a-4d7b-8109-71802e95ff5e,KBSEA52,1,1
17f758ed-acec-40dd-9022-cec548a56ed3,[ТД] Электропривод,7bb94213-28ed-4a84-9599-c1ab3206af2a,KBTEHNO20,1,1
17f758ed-acec-40dd-9022-cec548a56ed3,[ТД] Электропривод,7e9690f6-f85d-4cf4-a620-c603d18008aa,MANAGER100,1,1
17f758ed-acec-40dd-9022-cec548a56ed3,[ТД] Электропривод,f0ae2e93-33f4-4ce4-9d50-15ac40703c20,MANAGER70,1,1
17f758ed-acec-40dd-9022-cec548a56ed3,[ТД] Электропривод,affb2336-0e93-4b33-ad6e-3e9cd21ed3b9,MARK50,1,1
17f758ed-acec-40dd-9022-cec548a56ed3,[ТД] Электропривод,ce271bee-ecd6-446a-b224-ddfe49baf7f6,METROLOG15,1,1
17f758ed-acec-40dd-9022-cec548a56ed3,[ТД] Электропривод,4846c3e2-20bc-407a-8a2c-3b3a6374bde0,METROLOG21,1,1
17f758ed-acec-40dd-9022-cec548a56ed3,[ТД] Электропривод,6d1abdee-5645-4987-bb2e-84526a2c74bc,METROLOG32,1,1
17f758ed-acec-40dd-9022-cec548a56ed3,[ТД] Электропривод,f76c4549-05b5-413e-a01b-4d7cfddfbe9a,METROLOG37,1,1
17f758ed-acec-40dd-9022-cec548a56ed3,[ТД] Электропривод,d4d4b525-f102-4ed1-a728-fc4649ec9589,OTD12NOT03,1,1
17f758ed-acec-40dd-9022-cec548a56ed3,[ТД] Электропривод,f4771855-d48f-40de-9dba-8953ee341591,OTD12NOT06,1,1
17f758ed-acec-40dd-9022-cec548a56ed3,[ТД] Электропривод,b75bc985-7b74-4350-9fa2-dcff80514e9e,OTD12PC33,1,1
17f758ed-acec-40dd-9022-cec548a56ed3,[ТД] Электропривод,10e2f797-7a09-4d9f-9214-98a004472366,OTD12PC36,1,1
17f758ed-acec-40dd-9022-cec548a56ed3,[ТД] Электропривод,0684cd27-048d-463e-b461-448c7b72a162,OTD12PC40,1,1
17f758ed-acec-40dd-9022-cec548a56ed3,[ТД] Электропривод,eb737406-bff4-422f-b139-8ed8a2a3da29,OTD12PC44,1,1
17f758ed-acec-40dd-9022-cec548a56ed3,[ТД] Электропривод,05044306-aea9-4de3-a33e-4666b9b44e73,OTD12PC52,1,1
17f758ed-acec-40dd-9022-cec548a56ed3,[ТД] Электропривод,48366e6b-9ed3-4e60-b5ef-1431bd6e9bfc,OTD12PC53,1,1
17f758ed-acec-40dd-9022-cec548a56ed3,[ТД] Электропривод,22878ffb-2771-4172-a304-64a34eaf5e69,PDB04,1,1
17f758ed-acec-40dd-9022-cec548a56ed3,[ТД] Электропривод,9c31ef53-8f79-47d6-a565-ff3e586f275e,PDB20,1,1
17f758ed-acec-40dd-9022-cec548a56ed3,[ТД] Электропривод,d12bd60c-b95a-45d7-8c71-22c77c29ca67,PDB21,1,1
17f758ed-acec-40dd-9022-cec548a56ed3,[ТД] Электропривод,44d19f85-c935-48c5-881d-114b09abd12b,PDB22,1,1
17f758ed-acec-40dd-9022-cec548a56ed3,[ТД] Электропривод,bd50fefb-e7f5-49bd-acec-a68322d1ea87,PDB25,1,1
17f758ed-acec-40dd-9022-cec548a56ed3,[ТД] Электропривод,41541f14-e96e-455c-ac92-5347cb882878,PLOTD17,1,1
17f758ed-acec-40dd-9022-cec548a56ed3,[ТД] Электропривод,969be4a1-c615-4a52-ae36-1ddac39d3686,PRO50,1,1
17f758ed-acec-40dd-9022-cec548a56ed3,[ТД] Электропривод,52076ef7-1e14-4b80-8b8a-ceffa81f604b,PRO51,1,1
17f758ed-acec-40dd-9022-cec548a56ed3,[ТД] Электропривод,7339a287-f548-467f-93fe-9f22f14eae9e,S05-CRT,1,1
17f758ed-acec-40dd-9022-cec548a56ed3,[ТД] Электропривод,5b52ace8-e066-4d87-b747-00967df98ffc,S06-SVC,1,1
17f758ed-acec-40dd-9022-cec548a56ed3,[ТД] Электропривод,68d9b835-142c-4780-b87a-6f4dd3e9a352,S09-TFD,1,1
17f758ed-acec-40dd-9022-cec548a56ed3,[ТД] Электропривод,a62f5c32-0736-46cb-8aa2-5ed2f85e99c0,S11-TFD,1,1
17f758ed-acec-40dd-9022-cec548a56ed3,[ТД] Электропривод,bd0ecce5-de58-49bd-8aa7-281573b37580,S12-TRM,1,1
17f758ed-acec-40dd-9022-cec548a56ed3,[ТД] Электропривод,d5f15cee-e8d8-4fe9-9ccb-06c5f95d4698,S22-RAM,1,1
17f758ed-acec-40dd-9022-cec548a56ed3,[ТД] Электропривод,ff476c1f-c179-41e3-993c-11c73b702630,S23-YTU,1,1
17f758ed-acec-40dd-9022-cec548a56ed3,[ТД] Электропривод,de05da68-c04e-4d8a-a108-be345bcb6a76,S26-ANSYS,1,1
17f758ed-acec-40dd-9022-cec548a56ed3,[ТД] Электропривод,8f4eb686-bdaf-40d1-95ee-ddbab9bb3d2a,S28-TEMPDB,1,1
17f758ed-acec-40dd-9022-cec548a56ed3,[ТД] Электропривод,e86f6991-e638-49ef-b18a-7b892658246a,S29-PSPP,1,1
17f758ed-acec-40dd-9022-cec548a56ed3,[ТД] Электропривод,0df97b79-3594-4643-af43-890db4d74a7f,S29-PSPP-TMP,1,1
17f758ed-acec-40dd-9022-cec548a56ed3,[ТД] Электропривод,eaebc9d4-bb1e-4f7d-9a15-ad08ab386e99,S30-ATC,1,1
17f758ed-acec-40dd-9022-cec548a56ed3,[ТД] Электропривод,94806d7f-951b-4f05-a502-57ae72217f5d,S31-DLP,1,1
17f758ed-acec-40dd-9022-cec548a56ed3,[ТД] Электропривод,bbacc9b6-155f-4348-b1a5-589fd6116981,S33-1CINT,1,1
17f758ed-acec-40dd-9022-cec548a56ed3,[ТД] Электропривод,c744d75e-c5dd-41a1-a4b4-112a2bcaa371,S45-ARCH,1,1
17f758ed-acec-40dd-9022-cec548a56ed3,[ТД] Электропривод,e0e607eb-857f-40a8-a48e-ce7255e2ae67,SNAB30,1,1
17f758ed-acec-40dd-9022-cec548a56ed3,[ТД] Электропривод,e876a5e1-4e56-4fe8-9349-7f4111f6e112,TEHDIR,1,1
17f758ed-acec-40dd-9022-cec548a56ed3,[ТД] Электропривод,578a8968-3558-4f0f-b8d3-913f0f2661c7,TEHNO22,1,1
17f758ed-acec-40dd-9022-cec548a56ed3,[ТД] Электропривод,c48be118-ebc0-4ce4-b722-9676c7264fd4,TEHNO24,1,1
17f758ed-acec-40dd-9022-cec548a56ed3,[ТД] Электропривод,73de846f-f60f-4dd9-8dd3-d17555d16240,TEHNO50,1,1
17f758ed-acec-40dd-9022-cec548a56ed3,[ТД] Электропривод,8764afa0-e5ea-4cb1-9e71-5e0f3f177de3,TEHNO_HEMILAB33,1,1
17f758ed-acec-40dd-9022-cec548a56ed3,[ТД] Электропривод,39b7e7f1-4b26-4c31-9a11-6c86c6cf82dc,VEDP05,1,1
17f758ed-acec-40dd-9022-cec548a56ed3,[ТД] Электропривод,163e119e-3c2d-41ed-8c4b-bcc70399ccf4,VEDP51,1,1
17f758ed-acec-40dd-9022-cec548a56ed3,[ТД] Электропривод,c19374be-bd5e-4c4c-a300-c1b57f7c4700,ZAKUP50,1,1
