﻿Последние инциденты
2025-04-01T00:00:00+03:00 - 2025-04-24T15:54:04+03:00
[ТД] Электропривод

name,priority,status,id,severity,tenantName,tenantID,createdAt
R105_Подозрение на обфускацию кода с использованием спецсимволов,2,1,INC-395,Medium,[ТД] Электропривод,17f758ed-acec-40dd-9022-cec548a56ed3,2025-04-14T10:24:47+03:00
R295_Манипуляции с системой непривилегированным процессом,3,1,INC-355,High,[ТД] Электропривод,17f758ed-acec-40dd-9022-cec548a56ed3,2025-04-01T13:53:06+03:00
