﻿Последние 10 алертов
2025-04-01T00:00:00+03:00 - 2025-04-24T15:54:04+03:00
[ТД] Электропривод

priority,tenantName,status,severity,correlationRuleName,tenantID,firstSeen,id,name,userName
3,[ТД] Электропривод,In progress,High,R071_Получен доступ к ADMIN$,17f758ed-acec-40dd-9022-cec548a56ed3,2025-04-24T08:17:32+03:00,93cf97b7-d552-446a-aca4-3384306a7292,R071_Получен доступ к ADMIN$,Александра Зейферт
3,[ТД] Электропривод,New,High,R240_Манипуляции с локальным межсетевым экраном,17f758ed-acec-40dd-9022-cec548a56ed3,2025-04-24T04:10:30+03:00,0dda52f3-007f-4a0a-a90f-8843bce8e45b,R240_Манипуляции с локальным межсетевым экраном,
1,[ТД] Электропривод,New,Low,R099_Манипуляции с задачами по расписанию,17f758ed-acec-40dd-9022-cec548a56ed3,2025-04-23T21:00:32+03:00,01679e05-1d33-4f57-9fa6-5066f66ee4a9,R099_Манипуляции с задачами по расписанию,
2,[ТД] Электропривод,New,Medium,R080_Всплеск заражений ВПО,17f758ed-acec-40dd-9022-cec548a56ed3,2025-04-23T07:45:56+03:00,82629185-62eb-4f0a-947b-1569277ebe01,R080_Всплеск заражений ВПО,
1,[ТД] Электропривод,New,Low,R221_Сбор информации о группах,17f758ed-acec-40dd-9022-cec548a56ed3,2025-04-23T07:19:46+03:00,6671de18-247d-4875-a18b-2cc04987e337,R221_Сбор информации о группах,
1,[ТД] Электропривод,New,Low,R102_Доступ к WinAPI,17f758ed-acec-40dd-9022-cec548a56ed3,2025-04-23T07:19:46+03:00,3092ad94-a774-40f5-af98-bc55a99db13d,R102_Доступ к WinAPI,
1,[ТД] Электропривод,New,Low,R059_Большое количество манипуляций с учетными записями за короткий промежуток времени,17f758ed-acec-40dd-9022-cec548a56ed3,2025-04-22T21:04:15+03:00,a8517649-3d84-404f-a875-e87fb46afa83,R059_Большое количество манипуляций с учетными записями за короткий промежуток времени,
1,[ТД] Электропривод,New,Low,R051_Учетная запись была добавлена в группу подозрительным пользователем,17f758ed-acec-40dd-9022-cec548a56ed3,2025-04-22T21:03:50+03:00,7eae5c23-415a-4a90-8e53-fae2e72fefc8,R051_Учетная запись была добавлена в группу подозрительным пользователем,
1,[ТД] Электропривод,New,Low,R055_Изменение группы в ОС Windows подозрительным пользователем,17f758ed-acec-40dd-9022-cec548a56ed3,2025-04-22T21:03:50+03:00,d2c12b40-648a-4e3c-822e-9bfeec919b6d,R055_Изменение группы в ОС Windows подозрительным пользователем,
2,[ТД] Электропривод,New,Medium,R110_Использование подозрительных опций в командах PowerShell,17f758ed-acec-40dd-9022-cec548a56ed3,2025-04-22T16:40:47+03:00,eb06a45c-abbc-470b-94af-6c22f819550f,R110_Использование подозрительных опций в командах PowerShell,
