﻿Затронутые активы
2025-04-01T00:00:00+03:00 - 2025-04-24T16:02:04+03:00
[ТМ] Прибор Голембиовского

tenantName,id,displayName,criticality,frequency,tenantID
[ТМ] Прибор Голембиовского,e3299ca9-e42d-410f-ab96-3340e14407ee,1CBUHNEW,1,1,3a7d74b5-ba66-4c71-a627-3746d5f66540
[ТМ] Прибор Голембиовского,493fc4d1-9e48-4d8b-9906-b64cabfb5fce,1CGORGOST,1,1,3a7d74b5-ba66-4c71-a627-3746d5f66540
[ТМ] Прибор Голембиовского,a68b9bb1-9fa3-42d9-894e-72f718e5fd64,1CKLISH463,1,1,3a7d74b5-ba66-4c71-a627-3746d5f66540
[ТМ] Прибор Голембиовского,a5cf1088-0418-4753-9076-e994ebe4b28f,1CMEKANS,1,1,3a7d74b5-ba66-4c71-a627-3746d5f66540
[ТМ] Прибор Голембиовского,14712bb3-698d-4c9d-aad0-b2a2f4016dbc,1CPROGRAMMIST,1,1,3a7d74b5-ba66-4c71-a627-3746d5f66540
[ТМ] Прибор Голембиовского,a098bea7-c8f0-43b0-a192-64063b444178,1CROMANENKO215,1,1,3a7d74b5-ba66-4c71-a627-3746d5f66540
[ТМ] Прибор Голембиовского,b887d913-905b-4480-9c8d-9048074721b3,1CYURASOVA,1,1,3a7d74b5-ba66-4c71-a627-3746d5f66540
[ТМ] Прибор Голембиовского,af7dcb87-7eeb-4031-a9f9-71f5ede135aa,203KABINET,1,1,3a7d74b5-ba66-4c71-a627-3746d5f66540
[ТМ] Прибор Голембиовского,55bd8cee-f602-46c7-aa84-3c7f52a893a0,AD1WIN2012,1,1,3a7d74b5-ba66-4c71-a627-3746d5f66540
[ТМ] Прибор Голембиовского,00859dda-8b8a-43bf-94bc-b0d793b320fc,AD2WIN2012,1,1,3a7d74b5-ba66-4c71-a627-3746d5f66540
[ТМ] Прибор Голембиовского,43a995ac-82e5-4078-8926-2a697bf233bc,AKIMOV404,1,1,3a7d74b5-ba66-4c71-a627-3746d5f66540
[ТМ] Прибор Голембиовского,ec9a4e53-7d60-47e8-89d1-7acf36e47bbe,AKIMOV436K,1,1,3a7d74b5-ba66-4c71-a627-3746d5f66540
[ТМ] Прибор Голембиовского,44ee81ec-9944-4efe-9bf9-174fb4c71dab,APATEEV335B,1,1,3a7d74b5-ba66-4c71-a627-3746d5f66540
[ТМ] Прибор Голембиовского,4ba9e76c-0aad-4e6c-ba8c-c31195632962,BUGORKOV420,1,1,3a7d74b5-ba66-4c71-a627-3746d5f66540
[ТМ] Прибор Голембиовского,4e5ec2ed-35b1-4cfd-9cb2-f45e8063f154,CHUMACHENKO356,1,1,3a7d74b5-ba66-4c71-a627-3746d5f66540
[ТМ] Прибор Голембиовского,de19d4b0-edf6-4a03-8f14-8119fb431315,DOCUMENTSTORAGE,1,1,3a7d74b5-ba66-4c71-a627-3746d5f66540
[ТМ] Прибор Голембиовского,95a76929-a274-402e-ac90-c17238d85542,FEDOSOV240,1,1,3a7d74b5-ba66-4c71-a627-3746d5f66540
[ТМ] Прибор Голембиовского,2a0c3957-4a53-459c-999a-fba0d1e70431,FILIPPOV464,1,1,3a7d74b5-ba66-4c71-a627-3746d5f66540
[ТМ] Прибор Голембиовского,c48f1961-5f54-40ea-a7bd-33079734c7d4,GAPONENKOVA358,1,1,3a7d74b5-ba66-4c71-a627-3746d5f66540
[ТМ] Прибор Голембиовского,e514fe24-7e8c-44f0-a148-a4afc573942d,GAVRILOV464K,1,1,3a7d74b5-ba66-4c71-a627-3746d5f66540
[ТМ] Прибор Голембиовского,71d17afd-724d-4a92-9367-5c502ab07d34,KASP,1,1,3a7d74b5-ba66-4c71-a627-3746d5f66540
[ТМ] Прибор Голембиовского,6890250b-f77d-454e-a3d1-9f0d269ec5f4,MIRONOV711,1,1,3a7d74b5-ba66-4c71-a627-3746d5f66540
[ТМ] Прибор Голембиовского,9f89ae26-8c0d-49cc-b5d9-2de268f4eb85,NIKOLAEV320,1,1,3a7d74b5-ba66-4c71-a627-3746d5f66540
[ТМ] Прибор Голембиовского,d832c75e-9e6f-4415-a755-63dd31f43bb2,RAKOVGARAGE,1,1,3a7d74b5-ba66-4c71-a627-3746d5f66540
[ТМ] Прибор Голембиовского,720338c8-5ee3-412a-bad0-d457f21fc773,RYAZAPOVA469K,1,1,3a7d74b5-ba66-4c71-a627-3746d5f66540
[ТМ] Прибор Голембиовского,b7b72e35-8148-4a8e-9068-ae12e5c31e17,SAVENKOV240,1,1,3a7d74b5-ba66-4c71-a627-3746d5f66540
[ТМ] Прибор Голембиовского,f1897f0f-4304-4fbd-b8f7-8936758f9815,SECRETARY,1,1,3a7d74b5-ba66-4c71-a627-3746d5f66540
[ТМ] Прибор Голембиовского,a7d2108b-a9bf-44c0-af62-deaa2baaefd3,SERVER-1,1,1,3a7d74b5-ba66-4c71-a627-3746d5f66540
[ТМ] Прибор Голембиовского,9c27d714-3723-4861-9570-5dde669e6670,SHEVLYAKOV356,1,1,3a7d74b5-ba66-4c71-a627-3746d5f66540
[ТМ] Прибор Голембиовского,c8d7b797-8c57-4434-87ab-5d30765d1082,SIRIN711,1,1,3a7d74b5-ba66-4c71-a627-3746d5f66540
[ТМ] Прибор Голембиовского,d46470d4-fb35-4076-b559-2bfaf4709cb9,STAROVOITOVA373,1,1,3a7d74b5-ba66-4c71-a627-3746d5f66540
[ТМ] Прибор Голембиовского,d1ec3c05-c2b8-4dee-89c9-4ef9f2aafdc7,STEPANOV314K,1,1,3a7d74b5-ba66-4c71-a627-3746d5f66540
[ТМ] Прибор Голембиовского,f71fa280-3df3-42d9-bb47-a88038625374,TERM-NODE2,1,1,3a7d74b5-ba66-4c71-a627-3746d5f66540
[ТМ] Прибор Голембиовского,0d3e879a-c2a6-4670-933c-bc58936a3e57,TERMINALBUH-OLD,1,1,3a7d74b5-ba66-4c71-a627-3746d5f66540
[ТМ] Прибор Голембиовского,1cfbe93f-e523-41dd-8c82-f2c6882a3bc5,TITOVICH428K,1,1,3a7d74b5-ba66-4c71-a627-3746d5f66540
[ТМ] Прибор Голембиовского,f6fd7a09-3bb8-4a5b-823e-e12f85dab3a7,VASIN413K,1,1,3a7d74b5-ba66-4c71-a627-3746d5f66540
