﻿Последние 10 алертов
2025-04-01T00:00:00+03:00 - 2025-04-24T16:02:04+03:00
[ТМ] Прибор Голембиовского

severity,firstSeen,name,priority,correlationRuleName,tenantID,id,userName,status,tenantName
High,2025-04-24T10:16:12+03:00,R050_Очистка журнала событий Windows,3,R050_Очистка журнала событий Windows,3a7d74b5-ba66-4c71-a627-3746d5f66540,02ffdce5-e771-45c7-a709-fa588ed33edc,Кирилл Бобров,In progress,[ТМ] Прибор Голембиовского
High,2025-04-24T10:09:52+03:00,R050_Очистка журнала событий Windows,3,R050_Очистка журнала событий Windows,3a7d74b5-ba66-4c71-a627-3746d5f66540,81336dca-e8e8-4c58-abbf-87a00d34371d,Кирилл Бобров,In progress,[ТМ] Прибор Голембиовского
Low,2025-04-22T13:56:57+03:00,R223_Сбор информации о процессах,1,R223_Сбор информации о процессах,3a7d74b5-ba66-4c71-a627-3746d5f66540,b68ee6cc-8286-412f-bd00-a34506b4d42f,,New,[ТМ] Прибор Голембиовского
Low,2025-04-18T11:04:17+03:00,R003_Удаленный вход под учетной записью локального администратора,1,R003_Удаленный вход под учетной записью локального администратора,3a7d74b5-ba66-4c71-a627-3746d5f66540,7fabf87a-258e-4352-a1fa-5f204704f587,,New,[ТМ] Прибор Голембиовского
Low,2025-04-08T14:16:25+03:00,R082_Обнаружение туннелирования трафика,1,R082_Обнаружение туннелирования трафика,3a7d74b5-ba66-4c71-a627-3746d5f66540,9b89c782-1a5c-4ce1-9734-b983f2c36031,,New,[ТМ] Прибор Голембиовского
Medium,2025-04-07T18:02:27+03:00,R087_Подозрение на внедрение в процесс,2,R087_Подозрение на внедрение в процесс,3a7d74b5-ba66-4c71-a627-3746d5f66540,86ae576c-2b0e-43b7-bfcf-1de455dbeb18,,New,[ТМ] Прибор Голембиовского
Low,2025-04-03T11:23:03+03:00,Отключение правила на 24 часа,1,Отключение правила на 24 часа,3a7d74b5-ba66-4c71-a627-3746d5f66540,ac106a6e-f3e9-4355-b9bb-ef1973b7398e,Александра Зейферт,In incident,[ТМ] Прибор Голембиовского
High,2025-04-02T09:21:04+03:00,"R288_Манипуляции с файлами, имеющими нестандартные расширения",3,"R288_Манипуляции с файлами, имеющими нестандартные расширения",3a7d74b5-ba66-4c71-a627-3746d5f66540,09f679c2-d197-4a89-b0ab-c76900ab5786,,New,[ТМ] Прибор Голембиовского
Medium,2025-04-01T16:04:52+03:00,R077_Обнаружено вредоносное ПО,2,R077_Обнаружено вредоносное ПО,3a7d74b5-ba66-4c71-a627-3746d5f66540,9b1209ce-142c-49df-bae5-a626e2d1b63c,,New,[ТМ] Прибор Голембиовского
