﻿Последние 10 алертов
2025-04-01T00:00:00+03:00 - 2025-04-24T16:05:50+03:00
[СХ] Краснознаменец

tenantID,correlationRuleName,priority,userName,tenantName,severity,name,id,status,firstSeen
8c4db87b-8b4d-4594-9072-2ced83ab4224,R078_Обнаружено большое количество вредоносных объектов на одном хосте,2,,[СХ] Краснознаменец,Medium,R078_Обнаружено большое количество вредоносных объектов на одном хосте,4d321b7b-4b2d-42e4-91ed-c247a503f5f2,New,2025-04-04T15:38:14+03:00
