﻿Последние 10 алертов
2025-04-01T00:00:00+03:00 - 2025-04-24T16:05:28+03:00
[СХ] МПЗ

severity,firstSeen,name,id,priority,tenantID,correlationRuleName,status,tenantName,userName
Low,2025-04-23T16:07:44+03:00,R005_Попытка входа под стандартной учетной записью,a85cf76d-aef4-4aa3-9781-c4c7082c69ec,1,0e57944a-7219-42d6-a1b0-066e6b3de0ce,R005_Попытка входа под стандартной учетной записью,New,[СХ] МПЗ,
