﻿Последние 10 алертов
2025-04-01T00:00:00+03:00 - 2025-04-24T16:02:12+03:00
[ТМ] Завод Пластмасс

name,firstSeen,priority,userName,severity,tenantName,id,tenantID,status,correlationRuleName
R078_Обнаружено большое количество вредоносных объектов на одном хосте,2025-04-24T13:46:40+03:00,2,Руслан Яргаев,Medium,[ТМ] Завод Пластмасс,33fd9d2a-ed69-4245-aee2-5e68bcbf07a4,356c4255-3a58-47ac-b5c3-c5385646d684,In progress,R078_Обнаружено большое количество вредоносных объектов на одном хосте
R407_Обнаружение следов возможного перехвата вводимых данных,2025-04-24T13:46:40+03:00,2,Руслан Яргаев,Medium,[ТМ] Завод Пластмасс,f7bea487-9fdf-4649-965b-f731979748f2,356c4255-3a58-47ac-b5c3-c5385646d684,In progress,R407_Обнаружение следов возможного перехвата вводимых данных
R078_Обнаружено большое количество вредоносных объектов на одном хосте,2025-04-24T09:20:53+03:00,2,Руслан Яргаев,Medium,[ТМ] Завод Пластмасс,d5a75c5a-b267-4925-b98c-f53ab0add055,356c4255-3a58-47ac-b5c3-c5385646d684,In progress,R078_Обнаружено большое количество вредоносных объектов на одном хосте
R407_Обнаружение следов возможного перехвата вводимых данных,2025-04-24T09:20:53+03:00,2,Руслан Яргаев,Medium,[ТМ] Завод Пластмасс,e7a47db9-0450-407b-9e52-7b1c32ecf176,356c4255-3a58-47ac-b5c3-c5385646d684,In progress,R407_Обнаружение следов возможного перехвата вводимых данных
R080_Всплеск заражений ВПО,2025-04-23T19:41:47+03:00,2,,Medium,[ТМ] Завод Пластмасс,c7c4bf7d-eab9-4fc6-84a3-2f10f0e15919,356c4255-3a58-47ac-b5c3-c5385646d684,New,R080_Всплеск заражений ВПО
R077_Обнаружено вредоносное ПО,2025-04-23T15:40:15+03:00,2,,Medium,[ТМ] Завод Пластмасс,7b9c5e24-fe69-4d2a-92c8-669728942cc7,356c4255-3a58-47ac-b5c3-c5385646d684,New,R077_Обнаружено вредоносное ПО
R035_Возможный подбор пароля методом перебора учетных записей,2025-04-18T13:27:28+03:00,1,,Low,[ТМ] Завод Пластмасс,3edc2498-4edf-4fc2-a50d-28d55d5ce471,356c4255-3a58-47ac-b5c3-c5385646d684,New,R035_Возможный подбор пароля методом перебора учетных записей
