﻿Активы в инцидентах
2025-04-01T00:00:00+03:00 - 2025-04-24T15:53:27+03:00
[ТД] Солнечногорский МЗ

id,tenantID,tenantName,name,weight,count
aa2b2603-fea0-4e19-83b2-0c3c8f7b1d8e,5a04be15-7477-4fc8-a22c-7c7a6603a501,[ТД] Солнечногорский МЗ,KTO-16025,1,1
6fd99e88-bfbc-433c-85f1-5c96ffeddcb5,5a04be15-7477-4fc8-a22c-7c7a6603a501,[ТД] Солнечногорский МЗ,GENDIR-M,1,1
3964e2cf-e03d-42dc-9ef8-84280054e692,5a04be15-7477-4fc8-a22c-7c7a6603a501,[ТД] Солнечногорский МЗ,OIO-15083,1,1
8b8099ae-4562-4fe6-9bb8-85d4ccdcb283,5a04be15-7477-4fc8-a22c-7c7a6603a501,[ТД] Солнечногорский МЗ,OIO-23001,1,1
f029d687-a6c5-4350-a83d-70f5fcc204f2,5a04be15-7477-4fc8-a22c-7c7a6603a501,[ТД] Солнечногорский МЗ,WEBKASPSRV,1,1
