﻿Затронутые активы
2025-04-01T00:00:00+03:00 - 2025-04-24T15:53:27+03:00
[ТД] Солнечногорский МЗ

criticality,frequency,tenantID,tenantName,id,displayName
1,4,5a04be15-7477-4fc8-a22c-7c7a6603a501,[ТД] Солнечногорский МЗ,f029d687-a6c5-4350-a83d-70f5fcc204f2,WEBKASPSRV
1,2,5a04be15-7477-4fc8-a22c-7c7a6603a501,[ТД] Солнечногорский МЗ,5424b833-d97d-4de5-abbe-369bdb1ef921,1CSRV
1,2,5a04be15-7477-4fc8-a22c-7c7a6603a501,[ТД] Солнечногорский МЗ,521f3fc5-f7be-4028-be3c-e1d27acfb194,KANZ-15126
1,1,5a04be15-7477-4fc8-a22c-7c7a6603a501,[ТД] Солнечногорский МЗ,3fe92095-369c-4de4-870a-078ac339b7e8,BUH-15007
1,1,5a04be15-7477-4fc8-a22c-7c7a6603a501,[ТД] Солнечногорский МЗ,d484e878-77c7-4a2a-ad0f-5dce1e80c437,BUH-15090
1,1,5a04be15-7477-4fc8-a22c-7c7a6603a501,[ТД] Солнечногорский МЗ,ab25bb87-6fb6-4c85-ab47-92cdccb6693d,DC
1,1,5a04be15-7477-4fc8-a22c-7c7a6603a501,[ТД] Солнечногорский МЗ,fea65694-0663-4f93-a5cb-34b33b735b73,DC2
1,1,5a04be15-7477-4fc8-a22c-7c7a6603a501,[ТД] Солнечногорский МЗ,c674bd72-3bd0-4a1c-a21e-3f42559fc31a,EMO-19007
1,1,5a04be15-7477-4fc8-a22c-7c7a6603a501,[ТД] Солнечногорский МЗ,7e7ba529-a9e2-4fe0-981e-b48fff8b0cfa,FSO-19015
1,1,5a04be15-7477-4fc8-a22c-7c7a6603a501,[ТД] Солнечногорский МЗ,8e31ec10-f1b8-4ee6-a096-68c6b693c8fc,OIO-23002
1,1,5a04be15-7477-4fc8-a22c-7c7a6603a501,[ТД] Солнечногорский МЗ,06a72cc0-0356-4763-a30c-ef063231a22a,OIO-ASKGP
1,1,5a04be15-7477-4fc8-a22c-7c7a6603a501,[ТД] Солнечногорский МЗ,2eb0c94d-f767-49eb-9aad-582d2fc3a78b,RO-00441
1,1,5a04be15-7477-4fc8-a22c-7c7a6603a501,[ТД] Солнечногорский МЗ,a846bb08-2b9f-491d-98dd-3a0092cfefca,SQLSRV
1,1,5a04be15-7477-4fc8-a22c-7c7a6603a501,[ТД] Солнечногорский МЗ,329ca24e-88de-4ec6-820d-d74d1461d7af,ZEX2-15060
