﻿Последние 10 алертов
2025-04-01T00:00:00+03:00 - 2025-04-24T15:53:27+03:00
[ТД] Солнечногорский МЗ

tenantID,correlationRuleName,priority,status,id,tenantName,name,firstSeen,userName,severity
5a04be15-7477-4fc8-a22c-7c7a6603a501,R224_Сбор информации о системе,1,New,03b938a0-8a33-4c59-950f-bdbddb538c8c,[ТД] Солнечногорский МЗ,R224_Сбор информации о системе,2025-04-09T09:00:49+03:00,,Low
5a04be15-7477-4fc8-a22c-7c7a6603a501,R220_Сбор информации об учетных записях,1,New,5de73bfd-5f81-4a4d-8571-38367c0dad52,[ТД] Солнечногорский МЗ,R220_Сбор информации об учетных записях,2025-04-07T15:25:21+03:00,,Low
5a04be15-7477-4fc8-a22c-7c7a6603a501,R078_Обнаружено большое количество вредоносных объектов на одном хосте,2,New,f009f759-41aa-4254-9ff8-1bfa14670626,[ТД] Солнечногорский МЗ,R078_Обнаружено большое количество вредоносных объектов на одном хосте,2025-04-03T15:43:35+03:00,,Medium
5a04be15-7477-4fc8-a22c-7c7a6603a501,R152_Запущенный процесс имеет подозрительный родительский процесс,1,New,cff053db-0e7f-4fdf-96d4-787a04839426,[ТД] Солнечногорский МЗ,R152_Запущенный процесс имеет подозрительный родительский процесс,2025-04-02T14:52:59+03:00,,Low
5a04be15-7477-4fc8-a22c-7c7a6603a501,R077_Обнаружено вредоносное ПО,2,In progress,d3523790-ea7a-45db-ac85-ccf3af33d3f7,[ТД] Солнечногорский МЗ,R077_Обнаружено вредоносное ПО,2025-04-02T08:06:36+03:00,Александра Зейферт,Medium
5a04be15-7477-4fc8-a22c-7c7a6603a501,R083_Обнаружены следы использования нежелательных утилит,2,In incident,4831dac8-a9c8-40db-9949-bac3b67b51a1,[ТД] Солнечногорский МЗ,R083_Обнаружены следы использования нежелательных утилит,2025-04-01T13:46:18+03:00,Александра Зейферт,Medium
5a04be15-7477-4fc8-a22c-7c7a6603a501,R109_Использование известных зловредных фреймворков для эксплуатации уязвимостей,1,New,4916ea76-fe2f-4d45-992d-2f37c4ed4823,[ТД] Солнечногорский МЗ,R109_Использование известных зловредных фреймворков для эксплуатации уязвимостей,2025-04-01T02:00:25+03:00,,Low
